first_name,last_name,account_number,routing_number,card_number,id
Brandon,D'Amore,4116410554,926806998,4111500304696570,4cf63278-9095-4cef-9230-57f742c0fdb0
Shyanne,Wolf,3484880018,127888983,5111615263630593,4c9cbc73-a4f2-4bb2-a5d8-7951d148e129
Katlyn,Hauck,4758251079,463954082,4111908443225607,b86e707d-6f6f-4b8a-a3c8-f039195d77f7
Anita,Dooley,1785023637,796102319,4111969461643091,3ab74200-2b7d-4464-874f-325e917e4890
Deja,Dicki,6218489518,437087102,5111613653864658,4e401cb0-5389-4e77-8b32-2dcbb028466c
Libby,Orn,2992128409,173805596,4111824747184561,25a7e550-5170-41c9-8d30-a56376d73433
Rick,Hamill,4354746005,991103324,5111216149414749,89bb22b0-d159-4ae8-8218-7e93c57ef12f
Dexter,Adams,1923491972,438046183,5111804786795073,cc181bae-8c58-43bc-ba37-4ebec15e1b4c
Eleanore,Fahey,8605016629,246678136,4111124992877177,d5a8dab5-6701-419b-9176-2483f87c4eae
Wyman,Schuster,5597519100,970405313,4111607553016037,d19e9a1e-b733-4d28-bba3-ea38666caf62
Liliane,Herzog,6182284017,764273835,5111920048914963,7080b8aa-a16e-4547-b6ed-4d0133e49ca8
Torey,Gibson,5626283159,914534202,4111777249224180,09ad7bfe-147f-4305-b9d1-a1488dfa67c5
Janet,Johnston,8765072135,273437270,4111853560519070,1d893fb9-c397-459f-93e0-7495b9e7e185
Brenna,Terry,9469596017,788390271,5111509895240282,5c912d36-fbf2-41a2-96ef-171387aa35d9
Ben,Kuvalis,2257543288,863065407,5111759290162890,984933d8-caa5-459c-9ccf-75bc18f4db64
Kaci,Mosciski,7579655693,868884625,5111509967635889,6b09e6a4-7ed8-43a7-a33e-6b9497ffe92d
Tatum,Adams,4779753092,623605111,5111881825330143,e0aa3b85-8df9-4cad-9c63-c788e39e745b
Pete,Kuhn,8077590286,581228635,5111881825330143,68a52220-4155-4a9d-b6dc-ac639c72e6de
Magnolia,Orn,6139243196,172185373,4111493634365303,cf5acc2e-2b48-410b-bbb1-af3bb23fc943
Romaine,Batz,7643255492,733128975,4111226900967221,08623088-c811-46e4-85a4-5f0844038ee5
Bobbie,Breitenberg,3182401019,218343381,4111437790698732,f82b2ebd-743d-42ff-af51-df099e50a7bf
Hillary,Jacobi,7074354228,783882312,4111710069864062,5debad0d-e1c9-4f56-a7c0-79cf31832f2c
Elenora,McLaughlin,3916222030,391596606,4111153826539360,1d80de29-83a0-47cb-8567-e6f76fe9094e
Elouise,Stamm,6948141799,360372675,4111402955902126,54a151c8-a495-49f4-90a3-18e828128f59
Lilian,Harvey,6283094456,674673857,4111979438369680,c653fc32-8ba8-4734-9184-e946405c906e
Arely,Maggio,2940479960,929884139,5111537696899356,78ffb12b-c1fc-4693-8660-9a93641eef5e
Coby,Murazik,6757102871,613714662,5111187826834637,12013799-a472-44bb-a89b-32e4af0424b7
Hilma,Klein,3492151708,284250518,5111194117902548,f14af4c1-c7c1-4077-b858-f8c62379c5d3
Justus,Koepp,7579655693,824900438,5111932875775538,1a2eb0da-df4a-4c7f-9649-1076bedb51c3
Mac,Pfannerstill,7089281756,615038284,5111319914591824,c92fc4b7-10a1-4a9a-9e54-5643e608f209
Cynthia,Runolfsdottir,8103916155,895651849,4111285312438790,e00a73b4-3d8e-4d7b-835f-59dfa232bcc4
Eveline,Rice,6076465093,451095857,5111259603824073,fdc9ba74-df9f-4e8c-95e2-3f14ebd47419
Mariano,Harvey,6022784747,963871082,4111299962554229,ce442958-2f0c-41eb-9b0d-05b07144733a
Johann,Treutel,7653749989,107902841,4111671296189599,cae16274-030c-4487-9e17-f0f811e3e6e9
Brenden,Crooks,5678320924,183005695,5111232519721996,923d2192-ff46-435a-801f-bbef92507970
Crystel,Stehr,5183148921,749835111,4111804458798307,b8d68034-470a-4c0c-947a-69e5dfc6b64e
Bradley,Leuschke,9911275544,630623926,4111322323642718,3118b677-dabb-454c-815b-12dd6786342a
Nakia,Mraz,3585551174,523006246,4111142311597026,32237d7d-9e06-4e96-986e-00f63090ff6e
Ellsworth,Christiansen,5257802705,623605111,5111916548905187,9eb0bb44-9578-4a88-b70a-a81b279f02ce
Conor,Roob,7403439324,215707741,4111822705163579,208b6011-d12b-4684-a64a-bfd02c32a100
Kaylie,Williamson,2423139718,788152803,4111794418281026,03e43f56-41b9-4dbb-80da-d72be0d77c75
Nelson,O'Kon,7919399161,684431054,4111561666335685,deddc1b3-47c4-4389-8573-923efe50b650
Elva,Conroy,4564417441,793456764,4111119983381742,9cb4dd5a-e01d-47d6-8947-c0d300da98d5
Delaney,Donnelly,1105827541,547519570,5111438750296192,07b7181d-3a02-448e-81ba-470e7cae4876
Arnulfo,Kerluke,7546402968,677949158,5111703530439243,6c92ed5f-9d0b-49b4-b135-1a5f61ee514e
Carlee,Mohr,7526169922,623494408,4111601107396518,e08d0ebc-3cf5-4800-b588-af01308de0d4
Christopher,Balistreri,6391709832,520890904,5111425086991523,903f6888-b363-4283-b3bf-71e7e8dbc3f0
Paxton,Medhurst,6330049245,946584437,5111500829895223,44a4b0d0-f98c-44c1-91e0-1f2c7ed72500
Manuel,Metz,6164457394,199244481,5111884900734035,618098d7-961d-48ac-8641-89e97bb20e7d
Sandrine,Walter,7080032047,599294152,5111785488049197,21236850-aee1-47ed-88cc-8a45b358fcae
Tremaine,West,5141383473,557142707,5111189190190067,18fc3d15-9538-46fd-b7fa-8d25f9f21360
Pascale,Kreiger,3489586457,303558134,5111939277472018,b444f2a0-d112-411d-bc2b-745569b27317
Kattie,Effertz,8062648328,848512964,5111982589510107,8a434a14-62b8-4e9d-83d1-a02592534877
Aglae,Powlowski,4871909715,964171812,4111379859069475,6a3ed0b3-dff7-4844-aa43-88ee6dbf905e
Leone,Hayes,4779753092,582526449,5111802683914674,8a2ca590-1878-428c-916b-aea6dc202869
Kennedy,Stiedemann,4018478281,753930830,4111293920478093,cf6d5522-868b-4db1-8049-964f926d29ea
Claudie,Klein,2542034880,623098345,5111322511219885,d728a222-a7fe-404a-87ce-2340109c11ea
John,Glover,6994814356,805670086,4111138013813329,47d3d7a5-1629-4c57-a29a-d100eac78db3
Tania,Hermiston,4598913687,618740740,5111462064274242,efb9c885-2d82-4fc4-b9ac-6b11efde3dd8
Ricky,Hoppe,3845515735,654032825,5111812306981759,4b7936b1-3954-495d-a2ed-e87c17171282
Jesse,D'Amore,2353646503,373601658,4111516328542989,6da2be93-4745-4240-becf-2df974b320b4
Kirstin,Aufderhar,4878760718,763188018,5111690896171363,135012c0-a929-443a-8922-9fec09f3f509
Edna,Bechtelar,8086709361,172185373,4111286056208384,17b3c5ea-290c-472d-81e5-84f1829b9832
Shyanne,Prohaska,1594508509,875613138,4111580775553097,28d1648c-4168-44bf-9486-6eda9a180941
Kyler,Wiza,1456930133,749817143,4111231796175342,1d5d8ed9-6739-464b-9427-53073a6d7271
Luigi,Jaskolski,3808276337,434545094,5111430856907388,b382c720-1a6d-4a35-b0bf-b87671626c6d
Fred,Hettinger,3765951483,747839219,4111962530261286,81c52be0-8154-4d04-a74b-ce453b10a8bc
Howell,McClure,8708266545,341930679,5111789253471575,8eed634c-03fe-4f61-af6e-f77172c834c1
Lennie,Gottlieb,9200939447,193784550,5111641214963236,a842b116-e7ab-4435-8b75-456075110ebe
Sheila,Spencer,9582111977,725773958,5111643619496291,84df304f-f541-460a-a97e-c90475c596df
Elmira,Block,5408893708,316207265,4111321583539912,2cb226a5-de90-494a-b117-0c45eafbc28d
Hope,Goyette,2892216113,844262106,5111428893891724,36f28dbf-6a78-42f9-afa5-053812b08199
Marie,Koepp,5937351647,563323890,5111643619496291,0d40ba86-a029-4ee2-9305-01a70b6c6c19
Monserrat,Blanda,3246451423,457739237,4111270857043959,e0ff0429-ebd0-4db3-836f-e89b7c26b857
Watson,Goodwin,4882963028,663740777,5111514199145392,016b8a3f-2602-4d13-aa01-69513afca020
Kaylie,Kihn,3773588150,232076795,4111350115258017,30b3d4de-8df8-450b-93db-50ae588ff36d
Brenden,Robel,5817201655,319827848,4111402955902126,bc89a0af-b030-4072-9752-c6e8ff1c83ec
Horacio,Metz,1582392638,537491863,5111982589510107,5ab2a93d-31c0-4a89-a632-ce74193488b4
Cleora,Stanton,5049203129,361129795,4111146449446366,dbdef776-33f8-4366-89c2-458c2659e18f
Keyon,Hirthe,7089281756,990778030,5111972933732163,61242c0c-dbd6-40ef-8154-220dbd4bac15
Verda,Weimann,3585551174,382187272,5111147364616912,80caa9ba-2931-492b-989c-bb786d442a78
Leola,McGlynn,1110536794,319827848,5111890157604097,bcdaf36d-c6d7-4466-8f34-fff93d4f58a3
Shyann,O'Connell,3380392720,325972551,5111176380404526,f688768a-e1d3-4b58-9dde-fbe52473d555
Roger,Strosin,6588054540,627432688,5111932875775538,5332f3b8-3262-4d42-a157-89ee21a0a0da
Bridie,Ziemann,3217253767,746798875,5111383574040556,ac0db7ec-3d7d-4a24-8c35-9313e220842a
Griffin,Spencer,1366569412,612897622,4111672921171365,b8b4249c-1aad-4e91-aa74-f4f84f078f27
Sherwood,Davis,3788108544,488640402,5111190747375255,5f9f65c7-e14f-4380-9661-d570e8fdfa2e
Earlene,Graham,5063878120,523006246,4111740253565796,3b6bb311-d846-4342-96d7-ef598819c3b5
Philip,Koelpin,8751982263,557142707,5111152976648563,208209b2-a40e-4ca0-bd17-4aeb6d3b193c
Jennings,Schumm,1489042866,548133635,4111468011376212,07d961ec-a42d-4062-a0af-2b40a30b7911
Griffin,Frami,2447500086,246678136,5111564293763881,037903d1-923e-4f25-b9ee-7038eff37e3a
Tracey,Dibbert,7035169857,935976408,4111498749739236,f78645d6-33ca-4a8a-969f-cea9e073f960
Kristian,Medhurst,1202118208,628488817,5111508094438952,e175c250-7afd-4ac3-b9e7-31b08dcc36c9
Larry,Breitenberg,6478340703,445143094,4111472818805680,74e24054-5097-447a-9907-bafe206cca14
Crystal,Nolan,8851412739,749776285,4111667913467701,d4682cc5-258c-4319-b6b7-f44ff0198bf5
Wilford,Carroll,4025810162,231815528,4111655550691062,49954db8-8f41-40cf-a779-5c71d21265ca
Ismael,Kuhn,4660962447,119697892,4111636654150667,9d0cb987-f344-4050-9660-39d36ea364a6
Gilbert,Kreiger,5183148921,854309536,5111845970116394,285a1450-450e-4f13-bb39-2095f56bf8ec
Merritt,Bergnaum,9839506030,822972166,5111322511219885,83199a3d-53b7-4a9a-bf07-beb94698cc79
Orland,Moore,1858155132,511625867,4111879536445021,61cc4e2f-72f7-4310-9c00-503fa4d14543
Keara,Jerde,1858155132,512734299,4111170049074647,a8834da1-17e2-4d3d-af67-a73b5f48fb73
Dillan,Jaskolski,8129889227,188109322,4111402585784864,83fd98ca-3fd6-4188-9f27-436f07ad6398
Scottie,Schroeder,3701298861,132795258,4111280521014207,4b1ef780-7756-4213-a95c-18de7d296736
Raegan,Bartoletti,6447863210,378414687,4111272459244642,3d2ac6b3-2767-4281-a6dc-f59b53defa99
Wyman,Huel,9633046280,798343182,4111403997238439,dcc050be-16a2-489c-932c-0844b7d72acc
Delores,Beer,1071385733,519060961,4111470081065888,62825fe0-8b0d-4f0a-a2cb-0cbe56f806e9
Hayden,Goldner,4689743057,903341970,5111700846256504,f2235aa1-969c-47b5-9a14-277329bf1079
Beaulah,Russel,6428111969,327047347,5111529203910955,a1c4f17a-57aa-4fdd-bb43-5f2ba1515a19
Rudy,Ziemann,2451581046,925808317,5111647860976381,8e7fedd0-b52a-4ab6-a944-493628dafdd9
Alana,Armstrong,4067292786,317372362,4111757952529804,2125a1d1-24b8-478e-8fec-20336adee4ab
Vicente,Kerluke,3908395847,473204741,5111657847448150,4c71acf6-0528-473f-8cc0-f25a7aade2c7
Esteban,Zboncak,2447500086,196136199,5111537696899356,541fa469-a3ee-4507-b2b4-a2ac6bc02d0f
Raina,Schaefer,5969448735,311967781,4111347973838099,3a6d163e-ee56-4368-9a83-4503d8eef568
Claudie,Bartoletti,7122597022,582526449,4111217245227549,6e60af0d-d13d-4670-ab4d-703020bc43b7
Easter,Fritsch,2596916086,865208739,4111432295543575,3e3e3d5a-cb43-4fe6-86a2-35e08a2a98cb
Alexandra,Borer,1545355408,110763574,5111199793439302,5b12c68b-881b-4979-9b2b-480d61c7644b
Jarod,Stamm,7388670103,115161832,4111744279399196,0d53b6c6-54ca-4f42-ac35-7c5d5f9cecda
Margret,Dietrich,3331580669,827976508,4111575526396893,f9cf97b0-7189-4235-b342-a2295a324968
Luigi,Cruickshank,6298470610,463954082,4111482035705426,aba9fc46-492e-49ef-8567-fd4c48c50e18
Darrell,Lang,5342272253,968147180,4111478290257593,83dcbd29-6454-4223-951f-eec0c7464c5d
Gerardo,Quigley,4046463012,478039938,4111211846510011,3a32068e-486b-4c34-ae51-493801719f8e
Antonina,Kautzer,8086709361,425451716,4111154289939237,cfde1893-dd20-4e4f-927f-e4e0b0cdfc1e
Nils,Schumm,4736053921,931743862,5111623062674954,ce6f4e96-ff25-4647-ba16-2ed1290b2968
Dolores,Douglas,2893245736,545368937,4111142311597026,673b879b-fdf4-42a0-8082-c72f4d592ca7
Eleanore,Hand,5821059467,926806998,4111231796175342,176ac534-9011-45a1-b9ed-9755236c03c0
Kasandra,Hermiston,9441946163,546715657,4111145190877525,c564b43e-cab9-44a9-9541-4f66f95adfd9
Marcella,Mosciski,7539115100,897069616,4111525139154615,fedbc4ca-03ee-4e60-aa1d-8714f2de858a
Alphonso,Rutherford,3916222030,186964354,4111657026467669,0aa2ab09-a897-487e-8a4c-2e1d2bc6a42f
Antone,Zboncak,8095922417,323247510,4111245100685952,a9994a66-03dc-4818-9f54-d199eb2856b7
Mac,Stehr,8900716599,186964354,4111747915052069,58af9f77-c02b-44dc-b099-b51fba81a0b1
Marguerite,McClure,5456528737,140860402,4111962530261286,9befad80-4d00-4d77-bb78-014d61f2c6cd
Agustin,Klocko,7304142151,910740621,4111294099433596,77d3b43b-f2a1-42ca-a099-9b8d683419e9
Demetris,Russel,2047416972,415635844,4111668708059861,7936553e-3fdd-4f10-a419-40e259068b87
Esther,Stracke,4837200392,248510404,5111681330438919,49fb9282-5e96-4323-b71d-02004b45a356
Alena,Hegmann,5059443899,306556830,5111466142202349,f24c39a8-35ba-4305-8486-1c75a310fcb6
Adrianna,Johnston,3782389995,235157212,5111509967635889,11432f93-70a5-4aff-8f70-6f8ffa202f40
Petra,West,2451581046,679521894,5111233693315761,3fe00208-9cd0-4c91-9976-932b99c687a6
Kelton,Thiel,3524753163,469589237,5111515295461481,76a862ce-846c-4d54-8628-dd731383161b
Margret,Friesen,1705388178,498982683,4111412151951970,ac33e270-93dd-441f-8dda-4bccdbd3d5f8
Kattie,Runolfsdottir,6551512431,117448883,5111640018786294,8e9014d1-93e2-48f0-973b-748a2a7d1793
Agustin,Dietrich,9880483016,184461900,4111937868850269,c3b9a278-8638-4b55-b5cb-09aff64db884
Eveline,Ondricka,4781147407,508210282,5111826764013349,473d1dba-f5fe-4b07-a7d6-eb71eb4efd2e
Madison,Schulist,8653681440,911159651,5111715792787143,ab82b65e-bde1-4776-b138-0a872ea4cab3
Aglae,Feil,3788108544,798147550,5111873271656237,20928822-cb32-40c5-a9a4-d96aa20a6fd0
Ludie,Hills,1430638905,527715337,4111285312438790,6fb53d38-1aa1-4b68-a36c-673cac763de9
Macy,Connelly,8086709361,674030159,4111125137610505,bb0d02c0-c5ca-45d4-acf9-9f4d167d67bd
Rick,Skiles,7597748146,234260012,5111430268325725,cd705498-0f4b-4229-accd-2b16eed804b6
Jaycee,Parker,4865343897,421479857,4111573028643061,44420630-e6e5-4254-85ae-4e367bcf5eec
Ransom,Wisoky,9644080169,794445218,4111412228979766,5079d731-d2e3-4dc8-b9ef-d6b1014247c1
Gerardo,Rowe,9187130663,715541921,5111555881746311,2ead8763-5dd2-4a6f-b26b-fda130ab56a1
Abraham,Witting,3930919973,202773520,4111524112243115,ebd88642-e3a7-4ad4-8e2d-6ba0cc017287
Cristal,Rodriguez,1583341131,929884139,5111932968473631,4e08c9c9-1a3f-41f8-8da1-f8357acbb726
Rick,Hilll,3034606698,142857296,5111733076478918,6d6aba7e-7ab3-4b03-a2ec-ac24a66ecfd1
Dayna,Borer,9807713469,793456764,5111509595654066,3dba0384-4557-4008-9b17-dd8324006852
Daniella,Nicolas,8173686832,623430337,5111130563501896,2d06a513-8d73-4f0c-bf83-9e6f261adf6e
Cristal,Streich,2449643016,939614985,4111488891547152,ac8b71d5-e210-4aa5-a224-86bb741e41ae
Laney,Wunsch,8037154959,409407602,5111220474430990,da88cc7e-762e-4a35-a3ef-83b39cc3d03b
Dexter,Skiles,8410447248,251441721,5111321810803465,742bafa9-5075-447f-8c42-8b1251c29141
Ernesto,Hand,2894736306,470998131,4111200236333389,e66d6640-5511-4bc2-8fe5-51ec74911d27
Therese,Ernser,9714704296,706041263,4111667913467701,60060f95-af61-44c0-b5be-b93438cd1175
Justyn,Lemke,5671648059,341803293,5111832317193885,dad01187-2900-4c29-a73b-afd520968a4a
Jennie,Wolf,5979477363,134279738,4111403997238439,4564ab7f-97b5-483f-bab0-b15b285a9907
Josie,Gaylord,8786908338,515543166,4111518100884288,0a51bc86-813d-47a9-9961-fc07d2c032f6
Mathilde,Reinger,8352526391,815255859,5111447960745073,3ec49cad-8815-4878-8bd0-d0334e5c53f1
Caroline,Cronin,1225770157,970405313,4111286056208384,e57f5cc5-55d8-4b1b-ae7c-0145bd057b55
Nathen,Rutherford,1097168683,473204741,5111928402130301,ee10b9f0-e506-4c72-8abd-a968a68e51e5
Norval,McLaughlin,2264567765,529524023,4111332187874667,913b23f6-7eaa-41be-9fb0-62c22cfe9c2a
Lennie,Langosh,2259919585,545108567,5111796309782203,302b7442-1c0f-442a-ab4c-1662240f72f7
Beaulah,Cummerata,2264723751,808333275,4111941447701616,a570199f-f622-4102-b0f1-67fd904db364
Jaylon,Rowe,6918637957,400650174,5111114847144387,7b779ae0-e7f4-4d98-a968-40885744e726
Marshall,Zulauf,1680005723,177980271,4111200236333389,a7849400-8b34-4c3d-bdfd-eed3434437fc
Anastasia,Reilly,3426684687,567108914,4111822656090569,13a7738d-265e-49b8-8196-d252336e80b7
Esteban,Corwin,3395054684,764694981,5111356985573534,e965d105-5ea6-4ff1-a781-61b6c79ebb68
Macy,Mosciski,6391709832,127888983,4111479726794036,9b3b2f85-321b-4550-8fc5-a9acbc4e45a9
Johnson,Pagac,1582392638,251441721,5111907543840951,69d045a6-947b-4a68-8a23-3573d8df3de5
Elza,Satterfield,9250521150,242186219,5111239126873474,5b16039c-2724-422d-83a1-8c7517b7de88
Ceasar,Witting,3295885949,132795258,4111704907298712,7c314078-eb2c-428e-be4c-e75d4735d82d
Lilian,Farrell,9299815018,697815120,5111573791018947,870455b6-ffaf-425b-b811-77f13af459ce
Ashlee,Stanton,9117149939,142301126,5111673444986225,2c28ca87-bb3c-494f-803f-2710660d53ab
Itzel,Bernhard,9176180431,623494408,4111151504614749,374b4e5f-d080-4614-be63-c23e69f58449
Jamie,Mann,7158735258,906444216,4111882774916906,fd58ae68-894e-461c-a5da-ae8dd82bc656
Lazaro,Wyman,6169475992,284021359,4111273831083053,bc0841ff-d3ba-468a-a2ce-db60f2307dae
Luella,Graham,2451581046,161922681,4111423682089936,fbded545-9fe7-4a1b-a173-594872f6d26a
Ibrahim,Gusikowski,1707010985,391596606,4111295546988357,cfb3ca01-53a0-4f1d-b0d8-4ee7063dfb74
Hope,Skiles,5254350032,498339537,4111666843445714,84e9bd0b-3e96-4c25-a999-acab6751e6a8
Kelli,Boehm,6330663851,749776285,4111658318733505,2038dc3b-b714-4ef2-82ea-738cad138063
Cynthia,Baumbach,5891481847,726888720,5111325838313209,35ac18e5-0b45-43d6-9a40-074a18ac5396
Afton,Homenick,6511765303,102040790,5111577743492725,094b9b8a-29fd-474e-8d3d-e90d250202e5
Justus,Gibson,5315757711,237119884,5111362190856343,75fca0f8-dbd3-421f-88aa-3c15f8d4b5ae
Adelia,Moen,9880483016,815255859,4111840232271371,45d12248-036f-42ce-ab6a-211faf282199
Princess,Homenick,2047416972,555108501,5111183392212910,92a9288e-1e67-45e2-aed7-b1b648808813
Eveline,Medhurst,4213101000,857488967,5111930423789458,c296b201-480a-4530-bad4-2fb9904d23fa
Major,Beatty,1152010543,155957274,4111786667527800,b6fea54d-04f1-4ba7-91bf-5681fcaa2fb5
Mallory,O'Connell,5733951511,147380528,5111379387041380,21d6f75a-804c-4859-ab3c-e82185775354
Alice,Kertzmann,5623628975,445143094,4111775537487668,7bf67cbe-61ea-416a-9318-c7ab4e21f1dd
Lilian,Schaefer,4598913687,168376179,4111921924808945,a9195023-63b8-494b-8c1e-3e413488db70
Alexa,Wilkinson,2250357950,906497210,4111554963399673,5ae97306-6209-49e0-ac96-b1ce16f34236
Lennie,Runolfsson,3340406721,576865596,4111155244350154,60e98b76-db79-4b03-9371-f672b9055ee4
Torey,Von,2412736714,582526449,4111360093717648,14e14f85-9f08-4b4c-9759-e54ff6bd0eea
Earlene,Heller,4837200392,272097101,5111429616079068,0aedd97a-96ef-49fd-888c-83e381757d24
Rick,Renner,5969448735,789519261,4111471878907232,0cf82b38-ffa0-4d5a-9840-76e29e7a6314
Monserrat,Moore,4244565806,277345698,5111952039007877,ad4c115b-4196-483f-aad6-71ab0f47f08e
Liza,Runolfsson,4601547763,563324723,5111430856907388,1f1ca8dd-cb7e-4c16-b41a-1f043a23a136
Edna,Labadie,4461077226,273437270,5111799459127321,56b259bb-9f26-4cb1-b3c7-f0dbf7324d43
Mariana,Yost,5342272253,576865596,4111683684818014,6b4dfc37-e0c7-428a-90a1-31904e2779e1
Leo,Rath,1105211192,451064314,5111872653095107,f2d535b0-db74-41fe-a41b-56556be6bb88
Brenna,Osinski,5456683657,175775949,5111382907443935,081e0bfd-5d99-4ebb-bd1a-8f44fcc547ee
Kristian,Runolfsdottir,3409463487,606878922,5111957324769329,a0102f21-03e4-4fd5-801d-099f22f7b8f9
Keshawn,Stanton,4332523872,719669064,5111580093482670,76075213-281d-4047-97a8-c80db4daf70a
Osbaldo,Considine,3966217251,448502618,5111270692414019,e30a2e60-7155-4026-beee-f98854bfa846
Quincy,Shanahan,5072590468,860802324,5111868202911696,afadd2b2-e64f-477d-972f-1a5fefa2cd99
Arnulfo,Weber,4411060654,805071981,5111466142202349,40791711-e613-4da3-91f0-92e54e9a6447
Camylle,Skiles,1331850357,567762888,5111404961095898,e8d78376-4290-4cee-8d50-70ef9cb871cc
Lulu,Medhurst,2384255330,806677635,4111231257734952,76f4b25b-33c5-4145-bb8a-0dbb9561ab43
Tatum,Aufderhar,6428111969,943808332,4111681632974183,ee5414bc-0e00-451f-aaba-04d7c8c8cc0d
Cleve,Hickle,6447863210,375657429,5111994289203202,3e22ea02-1280-408c-9314-6c8ebb55482a
Kasandra,Kuvalis,3708813196,216898577,4111622055037425,c6ca3527-2713-406d-9370-b305c28ec014
Frank,West,8867967595,172185373,4111908443225607,b68047fb-b9e2-4208-882d-9a131639b447
Krystel,Watsica,5712057623,426221541,5111402575169494,9638b0a2-9e4c-4c36-98cf-719f185263a7
Shakira,Bernier,2752837501,387642085,4111530782719597,fe9f2c7d-3c80-4f27-8b27-cb544c43453b
Hulda,Greenholt,4157336161,316039667,5111803837887861,cb397380-29a6-497b-a005-19b71b1a4e86
Weston,Flatley,1923491972,242186219,5111123708136576,be2a18f0-dd34-4737-af2a-0f39600011ff
Gay,Kuhlman,2843161976,764694981,5111147785858784,7c5375b1-8cd4-40c9-b935-1cdf3d52efd1
Salvador,Mueller,3845515735,346009872,4111945372697862,df646c19-33a7-43a3-b225-bd9be95afce4
Alexane,Strosin,6090478243,120511123,5111952780754573,b36bc2b3-53e1-40b3-b7ba-80a1a05c3f71
Wyman,Wisoky,8117693260,718392031,5111607608138859,9140d337-a104-4977-a6f4-741a84a24f84
Clay,Yundt,2375812461,913518231,4111813657528201,50bec991-eb13-4d34-9ec7-7d233063e6ca
Izaiah,Moen,4813304332,838837587,5111528892882831,9e2d794f-ec0d-4623-83fc-ceb5209e87ea
Quinn,Zulauf,9006841800,207126404,5111462167208362,5f689b7a-0ec7-48f7-9fe5-61ebe35d31d3
Lance,Koss,6377715240,684431054,4111740253565796,287f322a-03d5-4022-9937-84764a8c96d5
Carlo,Walter,1255450159,316207265,4111959713507456,4661b96d-78aa-4e5a-b3fe-33a034f962cb
Juana,Stiedemann,3054907542,857488967,4111560545504779,2743a460-be4f-40b8-9ca2-0624d8cd52ad
Monserrat,Russel,7047415477,142857296,5111825891900874,283e4d9a-c9c6-44e7-85e4-046b532a6180
Nya,Welch,7035169857,242186219,4111506484684676,1b6954ac-1671-4429-9a47-8ca1be463dea
Eli,Carroll,7472350483,981896419,4111296090911445,4651ebdf-63e4-4947-b6d2-ce816b5d05dc
Miracle,Howe,5819979011,868577704,5111793591528939,6747f731-e134-47eb-a694-fce1e00edf79
Leta,Volkman,4157336161,218475132,5111337529886348,bb28096e-6b2b-48ca-86ee-46b5ff52e11d
Nathan,Baumbach,5200199918,594823288,5111555881746311,543c5f00-534c-4a49-af66-9cf6ace80292
Leola,Boehm,3728435885,981896419,5111436076846582,7b70a8d2-cdc9-4552-be7d-202426787dcd
Coby,Osinski,6775960139,865630912,5111806528938696,2e7f87b5-a2f2-4db4-b91a-97c9058b0122
Weldon,Hilpert,3534923985,953664534,4111661226342725,58091e8d-7c69-4409-af7a-2e567eafb0f5
Carmen,Beatty,4159954699,762984215,5111951618310183,d849597d-360a-4de2-8831-1458281f37f1
Nakia,Volkman,1858821324,788390271,4111869271104273,72fcf51b-1467-403c-af75-e9c350d29776
Ransom,Shanahan,8419016133,929884139,5111989806426710,9953b048-ccdb-489d-8aaa-8dc4743705e8
Pascale,Corwin,9024103086,740413232,4111944608414356,c7ad4659-5161-4c80-9402-aa200bc0f6ac
Vance,Kessler,9179383706,202684078,5111928402130301,e438e03e-41db-4c35-b6c7-4daee8ba102d
Hulda,Klocko,7046258712,614706718,4111829560483721,eb9bc822-7334-4fb6-af92-84a449c0d31d
Armando,Will,7158735258,540745810,4111645284938012,32df6d03-73ad-4114-b089-4c2ccafcc1f2
Jack,Witting,8732225887,894043499,4111974114108089,2af55ae5-c398-4b4d-93ce-a1b6498deccb
Axel,Beahan,3505575126,793456764,5111161732319698,4d3fe67f-6414-4641-8ac8-608f926448a1
Bryon,Thiel,4461077226,412145555,4111862696684564,d8f1ad4e-a185-4e61-bb43-0a6e72a56236
Aglae,Mante,7539115100,163165365,5111828472927320,8795dcf9-8c94-4e81-953f-b8102b42e7e3
Wilburn,Dicki,4076608579,306556830,4111216387157081,de8bff73-bf8c-4be4-9438-4aabe7e3ef12
Carson,Reynolds,3350492255,822972166,5111408084901349,8e89bd61-9707-4ede-babf-d9ac5f5406d3
Leonie,Labadie,3585551174,865874592,5111136120832777,5b057b36-0fb4-4455-b47d-2239aa5e7c85
Kendrick,Wolf,2189244853,946996653,5111842774573920,f3cb1f9b-d48d-44f9-9fc0-9de87a83452f
Marina,Beier,3428682393,598256383,4111778659642070,b07f3025-321c-44c6-8a8d-03c78972b024
Ricky,Leuschke,5315757711,467032589,4111737242126518,1f5380fc-afae-47fe-9773-8859c4ad0743
Brittany,West,6062181439,537491863,4111153826539360,523fd586-41b5-4c4f-bc49-146284c78662
Rod,Jacobi,9163984798,674030159,4111271403025406,1c459842-5188-468d-a763-f6bd4e474e85
Miguel,Dickinson,9065309608,146564692,4111493774336822,1b0610c2-45b3-4f3c-8367-e5721fad390f
Geo,Weber,1643981506,278436371,4111693062135468,c761cd6b-a694-4ce1-b2c4-3de728da49c1
Daniella,Jacobi,8132682752,380444256,4111725098945392,2b6cfa62-eadb-4dae-8946-10fb4cfbdc5f
Vicente,Rice,6112013889,254222040,4111530782719597,7bdc59cd-c509-41b4-b3bb-85e88fd88a80
Westley,Breitenberg,2447500086,783002992,4111467749521017,ca0a92b0-525b-401d-9473-7187d5fe7c94
Augustus,Blanda,3853329883,252015255,5111666111792568,40459f07-5983-493e-b56b-b04a3a6e8298
Charley,Bauch,9305587365,873985612,4111447607649069,87b044eb-9bf7-4263-9f53-e09463613b97
Ludie,Harris,3527415941,493838217,4111546181134516,8b09404a-e743-41be-a6b8-19f7ca4f6a47
Isadore,Schmitt,7749398498,267984126,4111937868850269,a9c83d5c-5f64-45c4-9697-d0bc58417198
Keanu,Schmeler,5813133254,856154575,4111774615541117,d1ced708-e97d-495f-86f4-b461e08ce629
Arden,Padberg,2716522144,498339537,5111486684378763,f7f5715f-ba46-4d5d-b5bb-d3c115532429
Claudia,Corwin,1901965938,306556830,4111935922554288,e9b44c4c-e6ab-4a2d-acf2-45dcd24b5901
Ibrahim,Rodriguez,6303931715,400326775,4111605573819081,823486c8-545f-4ed4-bb53-a3c0fc1ab8e5
Ilene,Kerluke,3608823733,793888035,5111978766350835,1dd6c5a1-18e7-468d-9680-bee2025fdc72
Vidal,Goyette,6422864414,730353451,4111413553002375,bac5c18d-9eca-4af6-a7e6-f15b34ae9b30
Augustine,Mraz,8274565700,540745810,4111498749739236,1b3a3ec5-c61e-4a8d-8e39-2830c2043667
Estell,Borer,3340406721,173378007,5111310188613746,855da841-18db-4424-9a6e-700b692e4380
London,Orn,1961651203,637536165,5111127719796005,dd45e7bb-185d-4beb-a04d-e64263d7e4bc
Marilou,Kutch,1994917818,498339537,4111937868850269,fad81d8b-0e01-4e75-9bdd-b3cab1ac2db2
Eliane,Zemlak,7312019674,232076795,5111734448612512,f3254e7f-4479-41d1-9d01-37129802db9c
Levi,Pouros,5969448735,400326775,5111624700638086,1db7f445-0910-4073-91be-e2b751b8106b
Linwood,Barrows,4990947584,855571191,5111807179894304,bee5a582-aaa0-4fb2-847b-1adf744d08c7
Griffin,Cummerata,6871863673,889283942,5111219311693578,9cc07a44-0a92-457d-af15-217e532b062d
Jaime,Ferry,1723188269,561868928,5111676058256291,c305b472-90fa-4059-9323-239c4405911d
Albert,Walter,1789603817,366401011,4111332187874667,fd2bd506-d4f1-4bf8-b0b0-9cbb74f07c19
Mohamed,Stark,4046978853,403699020,4111961240011717,2de3ec16-e007-4046-9ea8-d64e4997dcab
Therese,Kreiger,1583321891,854654384,5111334381689104,054dc31d-e4e9-4d3b-b61a-7f8aa1e5d94b
Wilburn,Parker,2046346944,340753251,4111934486800218,4a954958-d94b-4b80-aa17-380dbaf2b8f6
Randal,Swift,8474895936,943808332,5111880637655143,a35611d5-e71e-4d0e-8c47-f8c02785f51f
Shaniya,Homenick,7594479654,469589237,4111864810760776,b1ba48ac-4356-4a3e-8fc3-ebec929602dd
Johan,Ernser,9691753213,196136199,4111516328542989,53eaa65c-541b-492d-9a66-80d9c2140456
Justus,Skiles,4981884624,234619656,5111948211786088,31b73b75-eb12-45ae-ba5c-dc8be2b32439
Neal,Maggio,5733951511,226871558,4111502838903482,ed7f702b-eb16-4b94-944f-1627e3553fe3
Gerardo,Hettinger,2288984515,523006246,5111699710687487,962f69ec-c9f0-4623-80d9-7098197bce25
Aida,Lehner,3416414150,587628194,5111506660544886,c2458b44-840d-47fb-9892-98ca81fa5ac5
Aylin,Glover,1718551944,798343182,5111607608138859,8fd884fd-64b2-4c91-969a-9d82eb79e4c7
Kiarra,Brakus,8611602945,922462311,5111703530439243,cb0a766b-a769-4c72-990f-1fafdcc5dcd9
Giovanni,Connelly,6271544565,308003948,4111146449446366,c9312bb7-b188-4f97-bcbd-664903104d0e
Brook,Kuphal,6027302544,182194832,5111321810803465,fd0bcb29-db5f-4a67-bcb1-eacbe58d3413
Kristian,Walsh,4319925750,312007732,4111386712635495,edb915f1-6254-40b2-9ec9-c69ab2581280
Kristoffer,Flatley,4873822939,177937542,4111564621829160,33319448-39ac-4e5d-b499-106dc56fd806
Isadore,Crooks,2259919585,926300009,5111132336831064,a2d45d36-9479-446d-b17d-2754da026f59
Belle,Runte,5041919022,621963181,4111152242217591,b4e2699a-b6a1-467a-992d-bb7c5fb8c6a3
Leslie,Rath,9998822628,926806998,5111448669869968,02764111-03ad-44f6-bf55-6018f6c2f81e
Rhett,Barrows,7018686800,796530109,5111907910237799,2fbd8d8b-bf82-4603-a352-cd93252b48e8
Bonnie,Larson,6958776402,507494211,4111212887595560,1415883e-62b9-4e92-a918-66e9231f39df
Verda,Pagac,3585551174,285343807,4111384597353002,18c81c2e-0f53-40f7-b9fd-e02c7294da4d
Lorna,Conroy,4354746005,857488967,5111836806421792,041a5ad9-639f-4e70-b9d0-9346e7b4bdbd
Allie,Hirthe,3708813196,435951769,4111316131401203,83b7922e-331e-4d00-862c-a738509333bd
Rosemary,Rice,3895133995,579692700,4111770458740246,3d4e9868-dca4-410d-bba2-ef013bdf2038
Leta,Mohr,2728719508,790636707,5111115355005565,2974af12-607b-403d-8838-d33956bf6bab
Hadley,Mitchell,5986954843,186130964,5111921276507199,5b02d60a-fa28-468f-8033-73ad5f9e9611
Dillan,Hintz,5288005785,873985612,4111398443594024,d12f88eb-9c80-4c27-a9f8-08b2f59512d9
Simone,Gutmann,7158735258,623098345,4111633264859425,002243e8-14a2-4883-b1d9-01cf994663b4
Alyson,Ratke,3805006231,567568083,5111961060454186,a0e25148-531b-48c3-9475-dfcb778c042c
Jadon,Collins,5957095817,858283099,4111516825073353,ee6acb30-2916-40cf-a623-6e263cf587e9
Peyton,Walter,6182284017,218343381,5111215456481627,b9343d61-0d71-4356-b0a7-f0fba99ddf86
Stanford,Donnelly,2005308205,606878922,4111505557756142,276c8dc6-e5df-4be7-be37-abb479e734a0
Alyson,Yost,7467856983,603551049,5111965330918992,9c1b049d-df2f-40f1-a9ec-a00566843d51
Janie,Runte,6164457394,114663895,4111582705579812,c04f366f-fabc-47d1-b1d6-db13e468865a
Glenna,Leuschke,2996311113,996336929,5111327767382577,acfd9a3e-7587-4c16-8161-2b919b6c6b79
Jacey,Stokes,1537487668,111429098,4111256370544853,dfa49520-b127-4041-b7bb-c27591f1018d
Cheyenne,Bartoletti,4213101000,196136199,5111212698807743,51c1f7c5-81fb-45fd-99c6-1e6c0de2e57f
Delphia,Kerluke,5759385671,421286206,5111487353007907,bf1cc168-f5a0-4102-89df-3274a4dbf46e
Amiya,Hickle,7260983665,610985378,4111678400577990,9e21f1f2-654e-4633-9498-3b8d4ffae607
Makayla,Toy,6330049245,137863425,5111700159869851,7b3fba13-84ce-4943-a19f-b908adda2acf
Katlyn,Medhurst,3839891241,306556830,5111971483529737,154f7b18-4c99-43a4-a4c9-114aca03168a
Leta,Walsh,3843729170,169060485,5111366895635169,dcd0cb69-8fb7-4dfd-bdb8-8575d80a693f
Lazaro,Crooks,1491310063,254222040,4111157358632831,c3447ba6-7e39-4901-bec9-3150f0fa0e3c
Baron,Ortiz,4039733271,931818802,5111673444986225,3851f6d1-a173-4a7c-b4a5-97813b11bef7
Sheila,Reynolds,6169475992,430072002,4111654095563246,c7de331e-2ac7-4645-b30d-5e4cac755762
Dolores,Quigley,7876702464,906778773,5111422858549591,0f9c99f1-8545-45c8-ab53-4b628aa6fc4c
Liliane,Fahey,8969318405,978597821,5111284789831573,1b100876-e4a2-46d0-bf93-798c96cb96a2
Rudolph,Larson,1100314351,779744390,4111411966449029,3f5c8bc3-eb0d-4167-9fba-1724d7c64792
Alize,Simonis,5821059467,180607491,4111554963399673,9779e61d-2840-4b7c-8664-92ecb618c0d1
Merritt,Abbott,1244516352,623098345,4111879536445021,a3a2385a-ac5b-4de4-ac44-02fe05b0de4b
Marshall,Nader,4627579691,888274859,5111121691287491,9ef04ba8-8273-427c-8a3f-f1a77cbfcd09
Ransom,Krajcik,6271544565,517594978,4111641373790399,17e16287-bb1b-4299-be5c-0d926f923d5c
Agustina,Rice,9608337044,352604517,4111582705579812,6bfc3cec-4353-46ff-bd1e-8165ecc81030
Makayla,Heaney,1659538943,793275410,5111448580114309,d59a17c4-e115-45ce-a6da-ab9cfbd2ec2e
Nicole,Lueilwitz,1934577430,795940631,5111155514664267,0d82de16-ead0-4916-8296-b84bb6e6f0cb
Barbara,Emmerich,8867901188,478758971,5111237393173756,21f4a12d-038d-48bc-8ea1-6c7eab873b24
Oral,Moen,1941400688,164724976,5111288357003219,7a50767d-bddb-4616-80cc-69379ef49a34
Arch,Lind,4349961003,935293818,5111733076478918,e1d6af32-11e1-4b93-aeae-283b986164fc
Sheila,Zieme,1592683222,668729243,4111876030368591,bd4fe244-5820-42f6-8ffd-09d108953a72
Ryann,Little,6823328372,341930679,4111322323642718,b5a86acb-c42c-49dc-a50c-21c0d0519367
Caleigh,Schinner,5654372054,340882378,5111730400950453,98851c0f-c37a-4e47-9e91-58b292c5ec25
Sunny,Kirlin,8927696065,940335651,5111989965768404,cb0b23d8-1ba7-4954-9afa-258cc19222eb
Vicente,Conroy,1071385733,906525709,4111560545504779,2f6e95a9-da89-4c0a-b91c-b8a00ef5b41f
Dashawn,Dietrich,5979477363,579692700,5111331194371030,96d9fcee-eae0-42d2-a84a-0fe6d90fa0c9
Kara,Metz,4282512161,858847151,5111411104720967,41ca1560-ae14-4603-8c8b-d7f568e39f29
Abigale,Hayes,7018686800,990971838,4111178298244277,51e00924-05ca-4ed5-93e0-639284c905b6
Barney,Batz,4159954699,581228635,5111199793439302,0d7e59a5-1989-4eb7-a5e6-c4f50d8403b9
Filiberto,Farrell,6432795258,806677635,5111793591528939,e3c84893-f8c0-4776-acd2-3532c1fec944
Ozella,Stark,2280743925,196136199,4111493634365303,b4a627ec-5776-4438-bc6f-ab29be9a5f85
Cleora,Jacobi,6928317613,493838217,5111506660544886,2e853772-006f-49d0-96fb-9ead17783d90
Napoleon,Frami,4244565806,340882378,5111731394884549,62217dba-308e-473f-b16f-54ecc485c4f0
Barrett,Murazik,9394834744,867947983,4111143932084719,ffc4dc77-3895-4ba5-a216-8557482d574f
Shaniya,Romaguera,3409463487,121897442,4111471321453995,efd8d33c-7aa3-4d6f-ac7c-e54805b01be6
Leatha,Ebert,3511928292,579692700,4111995818512177,7cd4a2e6-8c7c-4476-b633-2aab093c79ed
Richard,Dicki,6393648496,228963069,5111220474430990,25646403-e2d9-4348-a438-fc8e7aae42f3
Aimee,Schmeler,8220601380,623605111,4111922377252254,8c02bbb7-d853-40fb-bb78-946c60911e0a
Andre,Parisian,5872439798,115161832,4111563945939515,0ed1d937-efec-4ebd-9cfd-dde4d37d10f1
Claire,Dietrich,9200939447,139736693,5111397871328529,bd66cb17-9046-4196-bb82-6b5508c50cae
Shanna,Armstrong,4461077226,687700099,4111586091502218,597e9732-d9f7-4eeb-852c-efb50fc07cb8
Autumn,Hegmann,6041489243,268398691,5111796309782203,6435a5f3-da55-42ce-af7d-4da818b7c747
Earlene,Smitham,9994157143,403478939,5111281346377201,93423964-99b6-49ba-82d7-f52fca8a0981
London,Schamberger,2728719508,734237995,4111113472818106,653d5e01-7e11-488c-b904-20f89d535426
Gerardo,Stamm,6298470610,403043593,4111357316567022,97cc3ccb-670c-4021-a79d-9a0ee570e2a9
Karlee,Aufderhar,6022784747,296616669,5111983878854317,4bd2d087-f691-4a3e-93c2-6164c9368824
Baron,Murazik,3745792850,911159651,5111604781277501,44c47308-f685-44dc-98ff-9d1b2e1a0d43
Shayna,Champlin,5325886972,926300009,5111594011249822,d06fc954-a8ac-4457-8762-2ecb2eb5ed9e
Neal,Walter,5907496331,369864781,5111641214963236,138979a7-733d-4e26-b0aa-577d9a0883c9
Kianna,Connelly,7122597022,253413465,4111126291986685,b3adad62-7432-4fcd-963e-97bdab00d357
Merritt,Rodriguez,8356015067,744092022,4111357717004939,016da77e-cf59-445d-98c2-1032eaf15453
Neha,Weber,8037154959,235157212,5111916548905187,0ce05d11-633f-4370-a199-83d65777c364
Domenica,Ziemann,6135739340,968147180,4111322323642718,ed94fab1-da8a-41f9-9593-19130636fef9
Sheila,Goyette,8796772262,596777369,5111580093482670,29568bef-122c-42b7-8f41-ae1acc180676
Burdette,Torphy,1067308889,358072733,4111622055037425,2f8ba23c-fa3e-4054-8f60-a32e48c2952b
Vena,Metz,7229744255,623098345,5111983878854317,3523576a-3ece-44af-9765-a23621b0ac78
Eliseo,Kerluke,5049203129,463513555,5111468348887595,8708ca6d-989c-42b5-9f18-b149f4f10a58
Lee,Hoeger,1759064911,604304052,5111416151873292,9cba3237-f6e0-49b1-9e89-ddd9f391755c
Wyman,Will,2044370368,469589237,4111567759540242,9b50c131-b2af-4b28-b364-ee184885cfce
Natasha,Roob,6641272013,277345698,4111678400577990,9ba7bc56-d27a-44b7-b23a-5fd5884d75ce
Florencio,Prohaska,7018686800,437087102,5111468348887595,1ad96b0f-0ce9-447e-b43f-373ca189c8b9
Moses,Witting,9527270056,540362925,4111332187874667,16525f1d-3573-4238-9039-8a63223906f8
Lauretta,Farrell,8388530822,460707649,4111974114108089,dc76dcad-1a66-4766-9baa-48f24a1a1f08
Bessie,Blanda,9748687966,867740535,4111756157729453,56e3a178-c37e-4da7-ba8d-284b94d5163c
Eileen,Pfannerstill,9257475003,933349871,5111734448612512,d73cb322-fa36-4211-b64b-4fc08e7ad968
Douglas,Jacobson,6164457394,448502618,4111829371281177,69a55206-a466-4659-b708-52e9ea16a5f5
Vincent,Gibson,5512443757,559629879,5111288357003219,b4ebef50-2089-449a-baa2-58534276248d
Godfrey,Nicolas,1513865815,863065407,5111850887323532,a08b8821-8cc7-4acb-a4a1-8e172a179252
Isidro,Waelchi,1659538943,196440165,4111775537487668,bc6e54a0-fc98-400f-9166-fbab597d90fe
Ashlynn,Anderson,6368455973,334757081,5111136886466239,7ee237e9-27ad-4138-923c-58eb8375d9a2
Jerad,Ziemann,1262648978,526331534,5111335617804798,648da201-4baf-4a5a-a558-13508e0cca9b
Ransom,Cruickshank,5626283159,110785614,5111822422485368,5bfd9343-a921-42ce-8d0d-b2a523c76e9d
Augusta,Emmerich,2862081061,380444256,4111280521014207,521e2a8e-d56a-4736-8ed0-623f74dfe5d9
Douglas,Hodkiewicz,1427728431,340753251,4111498749739236,c599e4cb-ff72-4994-ad45-a0c36c8b25e6
King,Sawayn,9006841800,172185373,5111216149414749,46dbec44-9a16-474e-a23f-9b02adf1656c
Cyril,Kris,4025810162,301282165,5111836806421792,e22bc009-59cb-45dc-b97c-d22a35ed8701
Greta,Balistreri,5421361113,824900438,5111750503585372,b31a2150-51fb-4129-85f8-fbb07592d42d
Esther,Bogan,2108998392,946996653,4111505626702828,1f98b963-04f2-49fa-8bb0-7dba5a5bb977
Izaiah,Hilpert,1639273779,627432688,4111493634365303,939ae494-be7b-4514-b94d-c6b003f8f294
Emelia,Flatley,5977605078,312007732,4111655550691062,6a5edf4c-3e47-4865-bd54-07bab38cda72
Jayme,Reilly,3105136088,438155579,5111968925448079,4ad99f08-a8f2-4243-b0be-dbce60a418f9
Ryann,Streich,9748183861,170349886,5111861148888003,97b5dca1-7045-44fb-a027-794ad97da4e6
Griffin,Bradtke,3621464659,854309536,5111955393554727,6a33508d-c1cf-4812-b30a-57a89616a7ae
Ludie,Boehm,9176180431,978597821,4111908443225607,6ef0eccd-45a8-4abf-8e7d-21cbc7eb4642
Lillie,Bartell,8724111735,581228635,4111324811077803,abf0b66e-89a4-4a54-a3c2-d1dd0650fd25
Zelda,Moore,6153030743,150011778,4111845048482302,e992399f-a9e7-4a6b-abc5-9a6bbfc68c75
Francisca,Ziemann,1124153087,172185373,4111641291202975,dbb77f80-d0aa-4a39-b599-feb524a7f13c
Paula,Haley,6153030743,643345992,4111146449446366,36fab585-fcd3-4c05-b7f3-ed3defa9d6d4
Carlie,Schaden,4039733271,745450974,5111181812171853,60db6ed3-6774-4793-9b7b-4b75bebc5d0e
Hayden,Hintz,2716823191,817822296,5111259603824073,39b2ec41-64bf-42c0-a7ce-11a53d5dd862
Merritt,Waelchi,6283094456,468296219,5111289989024566,460ce083-5aec-40b0-bcaa-b1724d345f27
Gwendolyn,Dietrich,2264567765,438155579,5111594011249822,d0d1e9e4-a313-4e2e-9b1e-bdb78af19750
Santina,Schuppe,5733951511,926851388,5111284789831573,eea1ce82-0818-415d-9dbc-1e6733c7448a
Llewellyn,Upton,5581019107,279337501,4111124864552428,95d969e1-5d82-48a3-9eba-97f272804142
Romaine,Pacocha,9898572268,403478939,5111340075725991,a3fe05ea-ff37-462f-b635-a9a7592b852d
Leonie,Glover,1941400688,805086078,5111108754447818,9bc0545a-ebfc-4a28-bbb2-db18325c8e06
Isadore,Borer,5063878120,875613138,5111212698807743,7a9ad266-968f-4d74-841c-d34c30d83a47
Eddie,Balistreri,2190587512,888997205,5111223502738718,1c562618-4b3b-41a8-bf56-d8258a376efb
Antone,Dietrich,6943812175,867727976,4111403997238439,8f9554e5-6133-42b8-8d43-e0c472fb2c20
Jeff,Kertzmann,3428682393,177492031,5111913207851685,485bb2a0-e771-4065-aac4-a0d1240805bd
Keely,Roob,6638612472,177937542,5111411104720967,bad34f8d-fc07-4f11-879e-32a1fc7c7a23
Linwood,Reichel,4354746005,913518231,5111946338912104,b6027a17-19c7-4234-9025-9122a2f29cbb
Wilber,Reynolds,6757102871,558313961,5111838682981057,bec1db7c-dcd5-4ede-8f23-64b497535b9e
Myah,Blanda,5176732712,694374194,4111699449139315,6c78e61c-5381-40c0-bb11-77ba2bbb7bf3
Isidro,Wisozk,9331642240,583866565,4111888264679313,85b47314-eedb-41d2-ba71-4dc18b6ca642
Griffin,Roberts,8077590286,663360030,4111220366825718,4d34505e-42ef-4994-badb-d105c4178a3a
Jenifer,Rohan,2031036413,343735461,4111324811077803,ae1daad2-07f8-4ae9-9acc-7bd0899039ce
Koby,Rodriguez,2989546527,551747822,5111370451877211,348572f4-4022-4be8-ab1b-3501c3a1e6b5
Keira,Harber,6418786544,252915354,5111193745035880,0ee8e7e3-ba21-41aa-9131-3f333b02aa38
Caleigh,Nienow,6182284017,623098345,4111296090911445,a8e24be4-9b7e-47fe-830c-d92f73040697
Petra,Kuphal,1592683222,674030159,5111692881155583,ac4cb7c6-2f2f-46af-9c94-e7eab69a37b2
Florencio,Hirthe,3377713140,610444545,5111616939829242,b1e27e67-a3eb-40b6-abdc-38c209a43e36
Shanna,Stanton,2347826721,246028024,5111938689220074,a5e2e1f6-8348-4b64-848c-83ad4ba91f20
Stanford,D'Amore,1718731206,338020977,4111582705579812,44e5c832-f39b-4bdd-bcb8-e5b1708f570c
Humberto,Jast,3068137637,870712005,4111915549595629,a8a232c9-bdcd-49d0-9e15-ac20aafa8c11
Florencio,Pfeffer,3782389995,821221071,5111890157604097,5c3c1900-af96-4299-a00b-9c72b27020f7
Baron,Renner,2907771751,369001393,5111185268862761,4889241e-091e-4997-979e-e6e5942733d9
Raleigh,Armstrong,6298470610,457106895,4111282026054633,e32057ee-114e-4694-a001-9aa789fdd4f7
Juana,Moen,2791676250,201848154,5111161341049425,361c8ee5-2012-4763-830f-85e752ad82c0
Antwan,Jones,8633411163,863065407,5111767324712740,0058f0e0-6c94-4562-a9aa-2cb5a68e0bb6
Axel,Torphy,6458900892,865208739,5111218939431316,43bde525-3dc2-4730-b069-0b46cc30ac4c
Joan,Nicolas,1975247469,706383733,4111822705163579,9a70b745-739e-4da2-9a5f-8fbe9d1d9c1b
Flavio,Koepp,8867901188,540362925,5111267498142876,dc1f5d54-ce89-4b1e-80b1-e9b97b04df83
Keely,Schiller,6428111969,373601658,5111247390182729,1467869c-c4bc-4cc9-8b55-0c11752ecaf7
Liliane,Jones,6871863673,423513994,5111972933732163,61b9937b-bcab-4793-b857-464ec39cae0b
Janie,Windler,5041919022,354195850,4111946790307665,1f76cf3f-afb2-4fa4-8115-e083646b5f3f
Allison,Bernhard,3377713140,777357400,5111537696899356,0701f6dd-7bc7-4e0a-8908-10a48aae1838
Hassan,Schaefer,1105211192,935976408,5111220474430990,c4380fdf-5c11-4f63-8c53-943bd7219f95
Jerome,Nicolas,6893451240,196440165,4111151504614749,1d35a9c6-bbc8-415a-958d-7f313631599c
Itzel,Erdman,1312293674,963871082,4111164767008933,0edc3282-f27f-47e2-bdab-79bc524a5d63
Adrianna,Champlin,3782389995,166859156,4111237272938692,2b9a5e7d-5263-4689-aef4-92e49d4c17f2
Keeley,Waelchi,6683081534,432720422,5111932875775538,c862ecc5-96ff-4f8b-8fd8-daa798fce06f
Brook,Koelpin,7966583890,251042636,5111190064068250,caba5602-aca8-4eeb-8058-4623876213c8
Janet,Wolff,5592928124,597415900,5111813146933839,f6395ec0-6397-4a3b-b5a3-04461083eee2
Lexi,Walsh,9714704296,913511004,4111182903698900,0b50fbe9-5701-4194-a2fc-b9108151c459
Arnulfo,Bode,9306720691,911161021,4111857867701757,bf66c450-6608-4836-9d3f-3fc253d40ab0
Rudolph,Mills,4067292786,726888720,5111830509525702,1fafdbb7-f4a9-42c3-b8cb-30be841c0a8b
Katlyn,Gibson,6784001299,169120534,4111966387515073,50a008ac-e5a5-4e8a-928b-b2c392d6198a
Isidro,Lakin,3507639813,430734000,5111500829895223,aee8ffb9-09d6-4337-9724-fc720220776b
Justus,Robel,6283094456,268785322,4111506484684676,d40e9537-fc5e-4870-b1d5-929fbe8c7ed0
Erin,Nitzsche,2668627797,173850415,4111567759540242,18547c03-7ce3-41e8-a9c6-1887de277a44
Crystel,Balistreri,3885418579,434545094,5111947481165829,769dd568-c1a3-4ba7-bacf-749c1183f5f9
Eliseo,Russel,2989546527,808333275,4111655550691062,4e2203af-cd51-43c8-b29f-052d8f234b40
Jasen,Barrows,9748183861,699378724,5111873271656237,ac543cf5-0161-4c99-aaa5-41f89938240d
Rudolph,Nader,9880483016,228571959,4111520154420981,f339e094-04ff-4f54-8bd8-b584683eeaa8
Gerardo,Mraz,3920623226,760479473,5111643619496291,c16f6f00-74f5-4761-b560-784a4bb1addb
Albert,Parker,7161333832,327047347,5111213890206468,67ce71ba-8e5d-4102-94b9-a183212c05bf
Linda,Cole,2353541261,663638661,5111639476633998,7d2f0817-2af9-4b6b-8185-9baffec59ef7
Braxton,Hagenes,2092864591,552163237,5111537696899356,cc9afa71-684a-4754-9244-a7b7e58b70fb
Wilford,Wolff,9309413847,933181954,4111488891547152,aa698c49-292a-482e-af5b-fdc5528c3ebe
Rosario,Crooks,4631624919,860038545,5111556297828905,da35aa4a-2630-4016-9cd9-77e8992bfea9
Bernadette,Windler,5183148921,343511437,4111582705579812,b11735cc-a7c3-4f92-9bb1-a378fdb85c3e
Freddy,Kulas,2752837501,913511004,5111363590129875,26932424-f486-474b-8455-01f0df200798
Shanna,Gleichner,7352071922,561868928,4111151504614749,40270ebc-c148-4db6-af39-8854c988a66d
Jonas,Monahan,6284958038,152219286,4111854491941521,0e2889b8-363c-4551-9d99-7b4836bd0e58
Sandrine,Wisoky,2631008141,468203756,5111965330918992,48feed75-e3d7-442b-a936-f3455c746c48
Clay,Mante,6635694800,416529452,4111128083637099,f3a2e001-583f-4104-a37c-76d6267d7923
Shania,Ortiz,7424577321,294424829,4111524112243115,4a33340e-2946-494f-bed6-bf9d873766b5
Garry,Shields,1594508509,931818802,5111357547414284,0fd13f60-47f0-4cc7-9d6c-5e96b0471106
Alexane,Nicolas,2728719508,742624603,5111957324769329,7191a1b1-2a19-406d-ab3f-a565118902d3
Merritt,Emmerich,8757565591,527715337,5111405407860378,a60f8c8a-db02-46f0-a9c4-64d6fb903d22
Leslie,Rolfson,3377713140,290864106,5111818773754655,6ffdf676-0e8f-4cf8-8465-1f245b31a8c5
Ludie,O'Reilly,3448874555,952899339,5111635446263976,7ec7a760-d8e4-4957-b5bc-4a7349246d7d
Jacky,Emard,5408893708,804765301,5111885630045765,08f79ca1-1523-49df-a9f9-522cd5809d58
Heloise,Schmitt,4736053921,834665750,5111873271656237,1529a043-6873-4e10-8cc5-eb2d8f4ab721
Larue,Schumm,6886607105,476734985,5111500829895223,d9672f64-3afc-48a5-a984-3191f58bfbb1
Eli,Walter,9691753213,576865596,4111436381233112,85293d0d-e391-4d50-94f0-c0e2110bf154
Dixie,Dicki,2989546527,119934787,4111873334595270,2402d5cc-51f6-4938-b5f6-57e0e9d5978d
Joy,Gusikowski,1718551944,701360772,5111559876184880,1b43e10f-3585-4c74-a44a-382efa73853d
Hadley,Murray,2210020681,875613138,5111144698206564,7da10146-0f57-4524-9612-7ddd22bba262
Elza,Connelly,3195033798,571686513,4111636654150667,8ed7d8f7-6847-44d3-95f2-5992104a5455
Weston,Barrows,4486459100,177492031,5111884900734035,07f53faf-a408-4d7b-8aba-5741c0070f78
Uriel,Hills,5933643680,614207573,5111824345484132,3a45c1e3-1f95-4f98-b6a6-1584969bdc21
Lambert,Dibbert,2184302348,567568083,4111511755312322,ed8dd36f-2a5d-4c03-9b97-24daf3a10d81
Shawna,Mraz,6283094456,684431054,5111462064274242,80bc2e36-4832-411e-a031-de7bc67cc6ba
Dessie,Schiller,1545355408,255991607,5111282964482321,2693825a-fd06-4640-8ea8-d3f85f730279
Madison,Smitham,5973873437,119389939,4111106203162476,50642420-408f-46d7-b376-382cd517a70d
Princess,Treutel,9006841800,726888720,5111958954831425,78efb164-f951-400e-b724-396ba412e790
Genevieve,Smitham,9194331335,416529452,5111982589510107,4c24dacc-a5ee-497c-9c85-6d689ad7a0de
Paxton,Schulist,9128687808,136576228,5111448580114309,1f0c632e-de56-41cb-8c62-3473499f43a2
Terence,Hodkiewicz,1718731206,229448642,5111554830879916,015ca037-df36-47f1-bbe2-f64a089a5e51
Misty,Conroy,6561188829,540362925,5111195120419296,22aee846-c4eb-4283-97b9-11e28acf1512
Neha,Ernser,2653319599,476734985,4111181231866490,c6fbb86f-f1c0-47d2-9cd3-b43f498d2d0e
Felton,Kuhlman,8672883654,284250518,5111672264411424,3148472a-17f6-494e-92c1-d258913f98d5
Jaquelin,Carter,5616375216,231815528,4111467749521017,05b79069-e1f6-4218-a975-ee59ddb452cd
Mercedes,Heller,8827606068,540745810,4111804458798307,ad58a73f-aad9-444d-bae3-e433582f52da
Asa,Hayes,3484880018,320858182,5111334639922923,86bb1ca8-b6b3-4df2-86d2-ce32a0e75d3f
Niko,O'Hara,2935624251,585353222,5111219364457541,1faa6f12-9629-4ef1-a9a6-1c5d02e0dde1
Ilene,Tromp,2005308205,874128590,5111416151873292,9c6de6a9-c52e-418f-9fa8-20190398682c
Bessie,Block,1659538943,218343381,4111516825073353,0029c70d-8819-46e9-bf65-5d916f8d5fbf
Rosemary,Boehm,5695086823,699378724,4111723940291387,aba59bb5-ad08-49a0-ac0f-01feff65a955
Braxton,Hickle,6497715408,779744390,4111151504614749,0f8af2c2-9574-4649-bd3f-d0ef69abb4df
Itzel,Treutel,7724682150,401655625,5111176380404526,b3158dde-0a82-4b04-83ac-cc69b3b4e3e9
Christelle,Emmerich,6391709832,663740777,4111588064967413,ddbe448e-b0fe-44b1-a3de-20e096be9fb3
Ismael,Crooks,5072590468,430734000,4111930531377564,412de527-c092-4121-89b5-fbe425a35ea4
Phyllis,Flatley,4781147407,655368804,5111455264361499,9b76180a-8a3d-4062-92a3-23a008588c37
Izabella,Connelly,6886607105,338834549,5111802683914674,6884efd9-8400-48c2-aaed-c15efc04cb14
Jovan,Kshlerin,3608823733,246598238,5111647860976381,1f14830d-7d11-46ad-9b8d-aede133db0c2
Adrianna,Watsica,5325886972,732444586,4111142311597026,9dc97f8a-e214-46d9-8f00-176d6560c53a
Davion,Thiel,6511765303,688442817,5111559712466927,149737dc-06ed-43bb-8741-f2c8a7acd634
Marion,Mosciski,4025810162,216898577,5111108754447818,c91fa794-56bc-42d3-84bd-d99f4363ea3d
Alice,Mraz,1961471172,784839135,4111859930846605,061dac92-9a34-472e-a64c-75fc309cfc9f
Leonie,Hills,7447748456,284250518,4111396036054803,d1853305-af01-49c7-ba98-6d04c7b4e06d
Bobbie,Weber,2181818034,300888208,5111259603824073,2a265ce3-148d-4744-a5bb-0c8c5a49043f
Gladys,Zemlak,4944423751,991103324,5111422858549591,67c3bc2b-c5e0-49c6-8347-18308c17c8a0
Candida,Mitchell,9306720691,627558972,4111429018692373,f587b9cb-2344-4102-88f3-b65a7ab7f012
Caroline,Reinger,4851867199,680446398,4111777249224180,9a93cc12-d7e6-49f8-9759-f1fe216d0880
Kiel,Cormier,4627579691,210310181,4111885759745942,768b8901-e6d0-476e-9ad7-8279b30bd5c4
Maia,Flatley,1467236424,662460116,5111212698807743,1d2071a0-924f-4db9-83f5-8cbb9aa730c6
Quinn,Donnelly,5408893708,323247510,5111241497785159,de1d84c5-96ec-4466-a1ad-a41ffb304505
Jasen,Mitchell,9389744187,462511426,4111568944580626,2c485fef-e335-4717-9d2e-644b6cd4e554
Gerald,Watsica,1858821324,462511426,4111667913467701,ec92578a-7bf4-4417-80c4-0861c2f533ed
Giovanni,Yundt,6834778618,869963429,4111682410518601,ff9b8786-ddbe-417b-9e4a-70ccb7fb9e71
Lera,Barrows,5282746752,796530109,5111898162735303,30b1292a-64f4-4e51-a06f-15541a569161
Patsy,Barrows,4865343897,439098232,5111239126873474,30c31ac0-0f15-4abc-8fd1-e3eb66eb05fb
Ebba,Kautzer,4990947584,956008177,5111932968473631,4419f31a-2b52-4396-a365-4db66322e121
Nayeli,McKenzie,4939807523,749776285,4111198189207323,9b5c6ae3-42c3-47f9-b8eb-733a7dfe310c
Alden,Wilderman,4050839203,161126384,5111572270844318,4ccfca7d-fb9c-46ea-b238-b20ca1eb88ab
Ezequiel,Lemke,1718731206,151210117,5111505728137138,795698a5-07d7-40ed-9fce-28dec1b9f016
Kavon,Braun,4781147407,300888208,4111388072553888,b9e513f3-d326-4678-9acd-f361645d0836
Abraham,Hodkiewicz,6757102871,208419789,5111813146933839,ee78699c-fb60-4a72-a1b7-5fb4c0971897
Nya,Sporer,2221380596,393112472,5111515295461481,f3ab3178-beb8-4750-9ed2-2418470bb68b
Ransom,Haag,2470217448,996317112,4111104315757711,2658f062-b47d-48de-beae-bbed73292087
Henderson,Rath,8132682752,600777896,4111854505493588,befc9c1e-e103-418f-a4a3-69a85d428998
Werner,Waelchi,3920623226,192240701,4111264208242952,2639e619-83c3-4d21-8180-6af1db1cb26a
Lessie,Cruickshank,9748687966,481925057,5111661645432817,2214478c-cd33-41b2-9cb2-03d989d8c131
Estell,Mills,5315757711,870712005,4111667913467701,bdaf0053-9b12-48b2-9e81-0c0059fd52a5
Aylin,Cruickshank,7794494118,732444586,5111240042151521,13342b0a-4134-44d1-b194-07645aba3e7a
Danika,Thiel,2335803377,434545094,5111223502738718,71654bbc-e368-49cc-b3bb-1de8ce35f32e
Kristofer,Connelly,1934577430,231110318,5111140555195266,264f9bf2-7f98-4302-970b-5bd2bcc5431c
Garfield,Stoltenberg,1097168683,559911708,4111324811077803,87e40f61-c5b9-4e52-83a6-4658d40987bb
Paula,Okuneva,5592928124,614706718,5111420960604054,99102705-46e4-4668-9f36-94884a3772c9
Jonas,Gibson,6447863210,921560847,5111812306981759,19b81b96-0ee9-4b0f-af0e-0da9ea80435c
Lizzie,Skiles,6503981319,113293888,4111587287143115,98095c6a-3c3c-447d-bf9a-71b8d766964a
Kirstin,Thiel,1934577430,258304974,5111188214091515,c80dcb60-6bde-4911-8c11-c5d259d0c667
Katheryn,Runte,4130257895,520890904,5111315804227500,d86686fd-3b40-4471-8b48-7c2f6744562f
Keeley,Hilpert,4627579691,865874592,5111907543840951,9eb76b8f-66a8-4351-b67f-7f777bad0a30
Justice,Jast,4411060654,563323890,5111845970116394,7dab9457-c322-4847-9af1-bf3c04aeecb1
Shanna,Considine,6428111969,756031778,4111299962554229,d7d4dd44-423d-4522-9211-5e04ce7997ee
Kylee,Watsica,2893245736,644924329,4111795882908639,c901fcc2-97af-4bc2-88b4-cc6cb877cc75
Russell,Will,6062181439,770323138,5111794770182157,6fc64e93-9f79-4326-9c3b-aae3ff1c11b0
Vincent,Zieme,5973873437,639574288,4111312120524098,16db982d-8c9a-4f1f-8e4e-a036d6cb357b
Kirstin,Dickinson,1331850357,834665750,4111202760904564,d3d32fa4-3f00-4e5f-934a-99e04273473e
Arnold,Kohler,5623628975,468203756,5111872435117591,d68ed9ea-7ba7-467b-a476-749b3b2cc424
Judd,Ondricka,6135739340,621684931,4111829371281177,7813f014-43e1-4f7b-b2f0-496058e1de19
Kennedy,Kreiger,4202297484,544740823,5111438750296192,2cdaa496-618a-44cf-ba05-3f3bd2801af8
Bessie,Langworth,6893451240,933181954,5111952039007877,1b0c33b9-de1f-4800-b91f-216d7b01eaed
Nicole,Okuneva,8969318405,788390271,5111669731890534,c711d2c5-c054-4ee8-99ce-fa2d15b9e362
Hattie,Zemlak,1467236424,379722325,4111135543067484,a796b090-01aa-435f-96ab-769a4e746df0
Corene,Hane,7927911026,959380348,5111994289203202,2e45d4b7-ac86-49b1-a51e-7a8b0754b079
Ezequiel,Simonis,2637304457,534869439,5111989965768404,4716d648-0a49-47f0-bb9f-9218baacec29
Aaron,O'Keefe,7002245695,585353222,5111322511219885,c4289853-91a5-40d0-9e8e-0644087e0925
Arch,Erdman,4452403500,793888035,4111264208242952,1f579d32-29b1-42db-ad22-5547fa5a9532
Demetris,Bernhard,5268699090,750104326,5111880637655143,e5b530af-1a3e-42b1-8954-53a4e0caec2f
Miles,Schneider,7260786006,929884139,5111782185395838,9b9c2453-27ce-46bb-9e3f-3e1c09a1269f
Briana,Zboncak,6284958038,804765301,5111661645432817,0518444e-b739-48ed-a79a-87266e486a0f
Meaghan,D'Amore,3079543997,717835595,5111267498142876,08e3831e-2472-4739-ad52-355c474792ea
Paula,Konopelski,9527270056,321357535,5111121691287491,fde76064-f2eb-4762-81ce-cc6d9a48a93e
Virgie,Dicki,1826267943,370844762,5111405407860378,937bfdd9-ce7c-45ec-9d14-32d3944097c1
Arjun,Huel,1809057411,159870862,4111586091502218,a16ca9b3-4ec3-4ad5-8ce1-bb2febd07d20
Berry,Runolfsdottir,2046346944,965765117,4111664056134504,81e37b82-886f-4444-ae73-a5c9178ec4ef
Anita,Turner,8310965328,604820151,5111873271656237,4e05986b-c882-47fb-a7db-d95649fc9187
Janie,Keeling,4130257895,414307518,5111952780754573,670f123f-352b-4943-a178-dc8f5940010e
Colt,Leuschke,6935738914,793275410,4111888264679313,81896251-1a71-43c9-8e6d-2a6a2fa8dca8
Darrell,Hintz,9309413847,272311469,5111254859851879,51fdcff2-34db-4ff9-b42d-2189f41059b7
Eloise,Kuvalis,5408893708,572173139,5111762712577121,d96590d3-7afc-4db9-ac68-92e0a97883ee
Brook,Goyette,8796772262,523187711,5111807179894304,6959cfd8-c23c-48e7-8d5f-6071ebb6e73e
Nathanael,Jacobi,7304464900,192240701,5111790877163910,d95bc363-757c-456d-b473-57e09dd5402f
Alford,Langworth,3920623226,537491863,4111366294082410,fa7f4147-1037-482d-bb88-191a8c44a6cf
Jonas,Stokes,7984321120,655368804,5111868202911696,b87d3635-001c-416b-af00-6fc0d8dedcaf
Arnold,Davis,9994157143,146564692,4111245352423838,9b1ed13a-47d5-458a-9df5-0ec9abf17e68
Miller,Casper,8724111735,994247258,5111282868143149,ce12a04c-1d8e-4754-83c6-557f977833f9
Keagan,Wehner,2695181620,118897315,5111622465655216,e500cc77-6d50-4f56-9f43-3f7a755a7138
Anabelle,Hand,2807655391,343811836,5111413926672786,385a887b-eb00-4dae-b91a-b4e538a283bb
Tess,Lesch,3920623226,134844277,4111112682134905,e1fc1904-baa1-4ed7-9e5e-c9e95a1e3397
Josefina,Heller,8274565700,931667411,4111714948040228,53f8cf36-e93f-4944-adf6-6c8696f61c3f
Charley,Runolfsson,4159954699,451095857,4111667913467701,d7a940bf-06e4-431f-8875-348cc163d66d
Deja,Von,9306720691,352041951,5111529203910955,83f9b796-f4d3-46d3-85b9-796f8db50529
Leanne,Shields,6784001299,376500735,5111404961095898,13aceb31-4962-4e23-85c3-a8d0210a472d
Terence,Stoltenberg,2992128409,628488817,5111327767382577,e39fd059-b37d-40e0-a850-68a68da0d405
Justyn,Sipes,8264037380,677985869,5111545517760936,2da80595-2b1f-49ac-817f-7cc5afd926d2
Electa,Kutch,2575576848,254222040,5111212067774961,6cfe34b8-8ddf-4558-81aa-cf9ff6dc638c
Janis,Kerluke,9801148820,726888720,4111986562225622,345aa9a2-6226-4c07-8a8b-09a878d0ef7b
Lilian,Connelly,2860595267,838837587,5111958314143076,15be83b3-f20a-4ddb-be61-ac1d07519023
Efrain,Kuphal,6511765303,822487695,5111880637655143,98a69e32-7a73-4397-8a55-9c941b9b5107
Cristal,Stark,7546402968,568004948,5111933218455353,07d4a881-0b16-40fa-915f-10f611145ee1
Arlo,Bednar,4217679142,738797954,5111890157604097,afd43b2d-f47e-41f3-940d-bcaf0bd0b141
Leone,Glover,4627579691,834665750,5111931383753224,af9d83e2-7f4a-4b64-9269-7bbc37f39eec
Liza,Schmidt,1707010985,511210275,4111587287143115,630ba4df-0f73-4c82-a890-5755371f88d8
Barney,Russel,7733504548,261179379,5111555881746311,9ee7576c-15f5-48a2-9760-dccbe9832454
Lempi,Ebert,3462485984,897492690,4111468011376212,10b63f15-0911-4cbb-9399-40be5432970c
Keegan,Kshlerin,5682028726,724185453,5111355802064614,da790da6-aa2c-466c-9058-1f63edbaa5f7
Tremaine,O'Hara,9916070247,717954630,5111505728137138,b7869f2c-3699-4325-81a1-3834e9091fb0
Sydni,Hills,4726561317,576865596,5111176380404526,61c696da-a1dc-4b17-a71a-e80c65155594
Elyse,Strosin,4213101000,701360772,5111259603824073,d2ec11fb-6eb7-4a51-9eae-124c62aa5c7e
Hershel,Maggio,8827606068,929884139,5111500020836750,4448d195-f676-4836-99fb-59a0d73e75f3
Lee,Purdy,6928317613,278869337,5111652705336948,1a499469-097c-4456-96f7-e5b5bda2edd2
Leslie,Conn,3361807183,317372362,4111388072553888,99f0b2f1-e14c-4ddf-b7fc-b0699a08e2f1
Jovany,Abshire,3489586457,963871082,4111324811077803,be209c82-4b8c-4be2-a507-7036e8f34ddc
Peyton,Schuster,2474478757,498584267,4111641291202975,00eabb46-68c9-4292-a2aa-8f15741671df
Ernest,Altenwerth,7260983665,242186219,5111647860976381,d64e4fe9-0bf3-4151-8e85-e18fab61952e
Elza,Nader,5933643680,676341278,5111509595654066,b8297ba8-8df5-4349-bcac-d8865483e3bc
Elza,Leuschke,1822286274,639574288,5111528892882831,cf9593a2-e220-4605-9936-6ba36d50f1f8
Estell,Schumm,5957095817,631150580,4111403192948013,7d55cc9c-cb16-4911-91f1-ab182886a16c
Janie,Crona,1901965938,990971838,5111838682981057,2a2544aa-dcb3-4546-8d92-f2ba51120540
Nikki,Yost,6893451240,304861595,5111458979938829,7e8c8ff7-0871-4989-9f96-04e2e5ea8d83
Joana,Kub,3377713140,805670086,5111955545520457,f46c9a31-2383-4d2c-8bc0-382d161fd3a4
Berry,Morissette,5626283159,567568083,5111554830879916,a7e22eea-16a0-4be8-a1e7-b3e3b2cde2cf
Leatha,Fritsch,8117693260,421286206,5111861148888003,25701c76-6ad3-452d-8e8b-7fe72d1246d8
Salvador,Rau,7002245695,906778773,4111294099433596,80f92818-537c-496b-9a91-a4a8d77d33d4
Alena,Jacobi,7260786006,738797954,4111869271104273,3d0bb616-db50-43c6-8c4f-96c28954197a
Viola,Friesen,8765700617,693635922,4111719491126491,215bec95-da11-4b15-b57d-5cb14f89c3bc
Kendra,Pacocha,3966217251,753930830,4111198189207323,f8484295-0ecc-45c6-9571-ae738db967a3
Arnold,Abernathy,4018478281,298336826,5111965486735959,c02b91a4-0f9d-4449-aa9b-7dc550069f54
Destini,Altenwerth,7035169857,709325651,4111814273980547,0aa03f61-8da7-4277-9bd2-52383a4b8f2a
Ronny,Koss,5796134009,409407602,5111327767382577,54f6f7c3-2023-4fec-a595-37ea1f59b515
Alden,Treutel,2919724981,824900438,4111638334885635,302c3243-e644-4ff4-b9d6-13088e709518
Nathan,Jones,9389744187,732174116,4111655550691062,a9ee0e50-890f-4f3d-a8de-270549c1fb32
Sally,Hermiston,1144208038,618404261,5111686581741112,8139ba45-75e0-4eba-9f9b-1c0ac110b66a
Dessie,Stokes,3291510162,272311469,5111272375863405,5e564327-5c74-43e6-90ca-bef99cd2734c
Jesse,Nicolas,6918637957,438046183,4111557221515950,8209b398-daba-4310-9746-aecb8738f931
Willie,Stanton,9299815018,677949158,4111944348210516,1f081179-b44e-4209-9d6e-1f501ed94acc
Lennie,Morissette,2602320150,798147550,5111513964845471,c0dd9251-92a2-4dc1-8196-19f0955d9bc2
Aaron,Mueller,8043566266,478039938,5111195120419296,cd66c193-b5d3-479c-b0d3-56f7201b5b2e
Isabelle,Donnelly,2210020681,147380528,5111131549563485,0b8a635a-19b0-403f-aa24-5238cb4cf0f8
Wendy,Krajcik,5924877981,274509502,5111357215221920,d83ac575-7e7b-4398-a4af-bf7aa8070595
Roberta,McLaughlin,5291371762,951677043,4111678400577990,ec6c8c73-99e4-4372-9a62-c55cc385b65f
Johnnie,Hermiston,4631624919,598256383,4111343995668504,cf714db1-88aa-4e7e-be6a-68d0195964d5
Lilian,Hagenes,5597519100,264856829,5111260581360292,530d4d10-fb4e-4622-8363-e991dd065799
Demarcus,Terry,6886607105,684431054,4111280521014207,b0bdb36e-b262-49e0-b343-f698a0c2490c
Clarissa,Weissnat,1657666018,492119901,5111254859851879,ef91082f-b912-4b65-bdcd-9d1427f098ed
Isadore,Corwin,4598913687,110982480,4111220366825718,72d5fc13-4a6a-4b9e-ae98-e7198f7e8108
Axel,Mills,3331580669,699378724,4111256370544853,50edb044-65d6-46e1-a47a-d126677ea555
Zaria,Witting,3734437372,840511396,5111534593242539,5e2eca3a-e4b6-4b5e-a622-9083f400ec09
Walton,Johnson,1583341131,576865596,5111912294569814,287cbcd2-f767-4a5a-a3cd-fad796f1f8d9
Giovanni,Rosenbaum,1456930133,237119884,4111935922554288,142ae19c-9813-42e8-8a33-3d11942ac7df
Brook,Lebsack,5819979011,421987073,5111787923159686,ff89341f-0c86-46e6-8a53-cbb554f8d21c
Nathanael,Luettgen,7232769231,107314115,4111824852242366,b501958d-b866-49d0-9e59-04282daac4f6
Lessie,Hilpert,5528496265,266392365,4111104315757711,6f991064-6605-46ae-beca-f985d2334a3c
Antonina,Hackett,3979861028,694374194,5111468671838746,78340063-02e8-4db2-a11b-765152ebdcc4
Janet,Pacocha,6088823414,646496066,4111862696684564,7e38fe47-30cc-436d-b8cd-7e51bb7da311
Eleazar,Flatley,2388981507,610985378,4111962530261286,142971e4-a8a7-490f-a951-fce2e9f679f9
Lillie,Hilll,7579655693,917522780,4111959713507456,dc114b14-93d5-47cb-81b2-fffc556ae2f1
Carmen,Runte,3701298861,920094113,4111267154271056,b05dbbe2-e2a7-400d-913c-51decb5b8d60
Weston,Schaefer,8035624825,646931049,4111775537487668,dcc40500-d6ef-41e7-b0f3-8ca10dd92b69
Maxime,Altenwerth,7388670103,521051406,5111114749159529,5420e17a-afe9-40ed-880e-7eeaeda53275
Justyn,Gutmann,9898572268,323247510,4111226900967221,45f79c2e-af10-46bf-bbae-478ce85fbe73
Romaine,Hodkiewicz,1292101711,279337501,5111676058256291,bac443e3-29cb-41da-9009-533ec18cdbeb
Owen,Gleason,1077814310,959380348,5111508858361111,d3669c6c-d310-4ef8-98fe-e70adbc44b45
Wilhelm,Goyette,1941400688,656182659,5111193702948346,66fa5ac0-7ae9-4dc7-879a-7feb3e0ed35d
Ezekiel,Wolf,8043796914,155957274,4111170049074647,4d23ed85-7769-40c7-85ab-ae813e45a796
Bethany,Renner,5257802705,226547156,5111833224786847,4a8ed89c-dbb0-4907-ab98-732c5c77e97e
Maxime,Hirthe,1880722577,827422801,5111796309782203,869acd13-6c99-4814-8f24-aa039696fec9
Kaylie,Von,8117693260,184461900,5111329157745762,65caabb0-f74c-4805-b169-8bae540e1c55
Nathen,Graham,6326150306,323247510,5111790877163910,e2e5b03f-75a5-4cd1-bfce-b518ad5595d5
Frieda,Trantow,2609136312,612450616,5111790877163910,c03cb8e7-66cf-4f85-bd55-521d1b040f73
Jazmyne,Waelchi,2046346944,457106895,4111560179123703,41b42e8e-5fa1-42bd-bf82-21fe8af25d5b
Bianka,Adams,3123682263,362991414,5111194117902548,2ace21a6-7977-47ed-b5a1-e6d4ac773b8d
Justyn,Cruickshank,3933258193,750104326,5111610113793705,b9c29183-bfea-40ea-b4a3-a896d51746f0
Eula,Bogan,2566026921,232076795,4111119983381742,ba89ec34-025e-4365-91a8-2f5d2b8c7035
Wyman,Ernser,6188755995,357030745,4111272459244642,9b091810-13ef-4456-853e-5e0d32f02fe8
Jack,Runte,2488425371,361129795,4111295546988357,43afe5f6-fca9-4e95-b36f-9e98499dfd43
Orland,Hyatt,3571102353,576865596,4111761195753744,48f6ac54-fe0a-470d-8f87-737dcb951ebf
Tobin,Borer,2598249553,387642085,5111952039007877,09d0abb6-19e9-43c1-b012-3f6c4e3aca35
Coby,Brown,6164457394,894043499,4111366294082410,482fe77a-96c5-449e-bc7d-654ad67e51a6
Sydni,Tillman,4609829562,234260012,4111537799362859,dbaaa2d8-ef1e-47cc-b31f-e3b904e55b0f
Keanu,Wilkinson,4187207155,604304052,4111525139154615,edbd00a1-7177-460c-93b8-6237639efb6b
Brook,Maggio,6298470610,302862727,4111598132778820,07229cd8-81a1-46eb-897f-37f17c2382f1
Phyllis,Jast,1684822578,278521343,5111646357148367,ab0f58f4-e3a3-4d52-b343-3f4b6f1ac14e
Dolores,Rodriguez,6834778618,913946845,5111725402353063,4476f161-8859-4d92-a030-718602029181
Elsie,Hirthe,1430638905,604820151,4111638334885635,95df5532-92f6-426b-b731-4a9eee16a929
Otha,Walter,2250357950,702216730,4111824852242366,89ef6e08-f599-44a1-adcc-4e4c8229b731
Karlee,Metz,8400496676,403478939,4111515368994240,e4969ec0-9f4f-4e37-a8c2-7e30ba72d693
Afton,Strosin,7413545981,467032589,5111939277472018,762908f4-3fb8-4c81-98b9-a50d7d986dda
Aglae,Swift,2633158036,604304052,5111261144202018,c42e57f5-d8d1-4d67-8af7-ee06e03daea2
Burdette,Connelly,3549934231,922462311,5111836381333520,2067e4b8-8c2e-420c-9fcf-6129c3b19d69
Ressie,Leuschke,7717518638,399966895,5111685862452225,b9928036-17ad-4d91-b684-638f0ead4ecc
Estrella,Lemke,1880722577,319827848,4111126291986685,e35edacb-4a2a-43d9-9591-2125919effab
Rick,Rutherford,4657766917,423513994,5111429616079068,0ff91746-c3b4-42e5-b5c7-cd82cbd8515e
Eliza,Kshlerin,3026054633,803213992,4111908443225607,9d9c3f59-ca34-4432-ae5f-1a902df057e0
Lexi,Gottlieb,9331950521,728702704,5111938689220074,29c1c838-cdba-46e6-93b4-0cad2fb28d6e
Josefina,Murray,6298470610,317218995,4111661410326175,1895bf5c-2f8a-4d9e-9e4b-c0779ad8693d
Hershel,Borer,5616375216,317218995,4111444666656422,3b6fa90f-17f4-4853-92b2-ff58d0dd7fb6
Carson,Mosciski,5141383473,133384976,5111363590129875,bd1ba554-af02-4fc2-83c4-6ffdccbabd2a
Rudolph,Mann,6643428655,352041951,5111451341240663,76f0377b-306d-458d-b3c4-f0e7a5769f14
Mohamed,Kerluke,1809057411,152219286,5111830509525702,97ca91d2-1b92-4e47-81a9-37e903ef8ff3
Cyril,Little,5986954843,959380348,5111705253892928,937214ef-06e6-48fd-8206-822e1524e819
Ezequiel,Emard,9780201468,600777896,5111723632116035,9c11c42d-7196-4a07-83d3-273463787712
Caterina,Gottlieb,5777591150,717835595,5111703530439243,dd9e4bad-c637-43d7-9609-759cf1d7db7f
Candelario,Eichmann,4960335976,177937542,4111786667527800,988cbbe3-b464-491b-a131-03a85bff0121
Elaina,Runte,1596809731,173837194,4111362455809479,e2ab6af9-0c42-4ad0-aa90-18a454f8af97
Jonas,Keeling,1103850618,803050348,4111495939713724,b790519c-05de-46c8-a5ed-73e87e56ff8f
Quincy,Jacobi,2446748176,136938233,4111807353760580,3f61dab7-7334-4383-89b6-2275c3acae02
Heidi,Treutel,1718731206,425451716,4111470081065888,e625ed64-a3e3-4bdb-955b-c85f70a6b481
Angeline,Glover,6205104427,926851388,4111157358632831,f6277f44-02f5-4068-b149-900d9873a8e2
Roberta,Wolf,5456528737,246678136,4111484092416976,eb3ad84b-ce53-4fd7-ac68-7b61aaba9bf9
Santina,Wisoky,6036880386,176145878,4111704907298712,2127c0ea-5898-4f30-9c50-0c608f123f2c
Burdette,Green,8014633463,366401011,5111195120419296,38278edc-9793-4e20-a027-4d0b60f4a584
Justyn,Sporer,3006187801,391549301,4111878906522966,fb38609b-404e-4d55-925a-4abfbf1ad369
Barney,Wisoky,2992128409,448000282,5111713005208553,5a96b00a-20f4-4249-bad8-7541f1fd71e5
Estell,Harris,1822286274,176145878,5111451341240663,9c08d978-697d-4beb-a035-efa8b3613ea7
Billy,Mraz,8035624825,304259641,5111681330438919,f79332e7-5dac-4fc3-9c0e-e900a912abcd
Tiana,Kautzer,3448874555,196873247,4111731522668472,fdb2490e-3dea-4d35-96aa-95f78fd45540
Assunta,Cormier,9698731732,482458566,4111488891547152,9d2a1ffd-24c8-40e8-9c2d-b84e3cbe1de7
Geovanny,West,1110536794,858847151,5111958954831425,f477717f-07b8-4d46-a504-bb7a63c8ba56
Arturo,Durgan,3034865016,248510404,4111369596526445,1a874ef7-6037-46ab-a870-9021fa4f5a09
Kylee,Lemke,3933258193,403478939,5111723632116035,8dbcc275-21e8-4982-af2a-9fcf5705453a
Hulda,Flatley,1705388178,686602492,5111500020836750,765e0a6f-0f09-4de3-b7af-feeab70ddb1b
Violette,Tromp,5695181512,717835595,4111532095841480,65568d77-c9e6-4cf5-bc80-6c19e3ca4fff
Irwin,Mills,2716823191,477522804,4111869271104273,44b397c1-c83a-4ada-a36b-5477282d2a30
Brice,Rutherford,8474895936,663360030,4111526553614335,5bd300b3-c5ae-4aba-8139-4a3c3e07b535
Elza,Hirthe,4781147407,449656559,5111777644693127,085ba6f9-1379-4edc-bcd6-91951591f0ef
Miles,White,6990207049,305349291,5111672264411424,9d52a32c-0c3b-47bc-81c2-bd5d5b7e5c93
Stephan,Kerluke,9250521150,749433716,5111696631989964,58cc9ec2-6057-4971-aacd-434332926135
Sandrine,Collins,6330663851,177862116,5111764848238762,1ed222eb-380f-4d1c-9d0d-c10a70c16d8e
Wyman,Moore,3788546492,663360030,5111903840932060,96f27eec-c16c-475c-9387-8b4a593b9f72
Dayna,Harvey,4583561312,544740823,4111792635239610,7c1201ac-fa09-4820-9c9c-4a3a63b134f8
Rhett,Wisozk,8867967595,472766244,5111409547972509,a6e74dfb-4359-4371-8642-cf10c85b9d04
Alvis,Yost,8724111735,872062015,5111200183825610,a0393f75-cf9f-4e04-870b-677069502b76
Electa,Rosenbaum,7304464900,848512964,4111756157729453,fc46d833-e0e1-4ec1-9f1f-c0a2ea978281
Raina,Murray,1684822578,498339537,5111686581741112,134b8d7a-d03d-414b-a0ca-7067127ea936
Elian,Kerluke,9250521150,584611120,4111829560483721,6377ad8b-acc5-4d85-a86d-567eb488a243
Terence,Gaylord,6930995945,749433716,4111524224849299,35b7dc85-de47-48e4-a5ad-1c1d04fefb1b
Cynthia,Emard,9898572268,386166374,4111792635239610,145caf81-6dbd-477b-8b97-d82da9b10982
Era,Blanda,2631008141,117448883,5111958954831425,20645694-3724-4e7c-af9f-9e3d1b18b1dd
Abigale,Funk,2264567765,110982480,5111297811839003,c7df2fbc-a47b-4fbc-939c-c8eb30db0dad
Xio,Mohr,5891481847,332013487,4111500304696570,37f3bd83-2d64-4d9b-afde-6b8cb0624901
Ashlynn,Labadie,9541969749,911159651,5111285086141514,7c5fa71b-37d1-411c-af7b-fd9ae23b0c9b
Eliane,Carroll,1638943867,854212961,5111625761320142,2b722593-3b95-4084-b3f6-0af23e000323
General,Boyer,2044370368,253557997,4111876984469667,b91b0a72-6102-45d3-9db6-e4bebb12e21c
Berry,Nicolas,1366569412,343811836,4111106203162476,3f2b306f-3483-4423-811a-bb9fd861cf84
Wendy,Russel,9582111977,370844762,5111983878854317,2fad7834-ef4f-4580-a039-2751f06f62d4
Violette,Fahey,2967012569,537491863,4111471878907232,4d76dc18-0729-47c8-9035-8dd92c4e2788
Brenden,Reynolds,3788546492,953738885,5111282868143149,3dd88acd-7dd1-47db-8007-3c48475aebb8
Dexter,Fahey,1809057411,384273893,5111730400950453,06b6b5ba-cbc6-4380-8cfa-fdd98e755e45
Alycia,Gerhold,8363800612,409405934,5111509967635889,8b17b1cb-f5f1-401b-bbe2-d266f58bc048
Lucas,Weber,9297018679,724185453,4111697220794174,ab057ad7-6fb0-4c24-8ffc-517ce1916ee7
Kylee,Dicki,2370531272,472996863,5111152976648563,45d9579a-b15d-481c-879c-0eb84261f72b
Eula,Upton,9527270056,401655625,5111806528938696,47af1a18-8c25-452a-b4f7-fdcf475be67f
Afton,Hermiston,4781147407,854309536,5111206557539751,2fc77645-57b2-411f-a7c2-0dfb1b1c88f8
Flavio,Frami,7229744255,924443053,4111259228386085,2dd7b96e-38b6-4cf2-907e-3311a64b6c97
Claudia,Hartmann,7361814218,155023082,4111364503754324,d2957a7e-4135-4330-87ac-a1eb8e5c88d8
Terrence,Mosciski,3174731685,937971012,5111233693315761,80ee95aa-4c1c-4b4b-9ca9-0db6d2bcaefa
Malcolm,Lesch,2353541261,111429098,4111321583539912,e695246f-8a8f-47d2-ada6-65f682614c24
Bradley,Orn,2412736714,570243699,5111989965768404,fc068f58-a323-40af-9cd8-337be49d4c1f
Arden,Yost,4046978853,388236359,5111971483529737,f1466a8f-b9cf-4ada-bd92-06110640bc8e
Paula,Waters,7047415477,304080007,4111877736748576,8e340761-c1ce-4966-9c3c-d4fb9fe9b232
Clay,Connelly,1097168683,688442817,5111508858361111,0239dba4-3791-4e2b-af98-f8dc4f3cbc7c
Alexandrea,Dicki,2200417385,618740740,4111607553016037,818fd9eb-3ad2-4aea-b54f-f02439a5309d
Darrell,Boyer,2280743925,569967028,5111239121832623,f3c95679-4840-48ea-b855-1da26964d76d
Elian,Abbott,2221380596,655064471,4111207688613752,6171bbbc-42cc-43b7-86aa-da3e0bed84c1
Zelda,Strosin,4025810162,921560847,4111967446490562,8b300b0f-bccd-4934-ab91-1d6d13cc8f8a
Albert,Feeney,2384255330,712138158,4111126291986685,66ed8ee3-d5cd-4702-82c5-87b6333c71f9
Evalyn,Keeling,5938020455,561868928,5111334381689104,642d6742-9049-42fe-941f-f7d7756ee02d
Aaliyah,Mayert,4930970111,324183085,4111182486364742,82f7deff-c857-4bc5-8c57-3c11446b9563
Raina,Schmeler,6368455973,651401533,5111237393173756,bd8515c9-8fe2-4d13-939f-d0b8b8ca4e04
Cyrus,Harber,3295885949,658886832,5111448580114309,ea3223f4-346f-4a09-a803-4dabcde39818
Elva,Daugherty,2456783944,366401011,4111804458798307,fb2e365d-98eb-4f58-9825-9feed472d02f
Danika,Hintz,8867967595,362573428,5111734556182268,be247dda-2bbf-4146-9c18-34e1197e8f2b
Antwan,Mills,4657766917,855571191,4111270857043959,76b646e7-079f-4b68-bee6-9d1c6d7115b3
Ryann,Armstrong,2353646503,855571191,4111248482984834,ae2e1a5a-de7a-40f8-9b61-0eb727be468c
Vincent,Boyer,6169475992,317372362,4111682410518601,9837540f-8014-414d-a48f-e50193810bd1
Elaina,Johnston,9541969749,498584267,5111430856907388,81548a90-624e-4e99-a0e8-68338fbf89fc
Maximilian,Pfannerstill,4581658838,467032589,5111705253892928,072bb4dc-9616-46df-8b15-f9548a90f2a5
Clotilde,Bartoletti,8796772262,591391479,5111577743492725,de2ce343-6f31-4b68-8ede-061a8f6167bb
Margret,Roob,7984321120,695793895,5111254859851879,2b438bf5-b461-44a9-a8c8-ea2df0e9bf05
Kris,Gibson,5933643680,827976508,4111384597353002,46be56b4-c70e-4bcd-ab61-c94cb05f3b5b
Grayce,Lesch,6874415743,540350991,4111619846209486,1c7441b0-e339-4961-ad1f-5757e9e6a17c
Olga,Schinner,7047415477,985697676,5111382907443935,5dc26dd6-2d04-402d-9332-80b49482fa9e
Anabelle,Friesen,9415965164,436715223,4111133895481303,4823d345-3e09-47e4-992b-9de650d0af21
Eldon,Prohaska,6368891697,699378724,5111622465655216,45ba7c38-d529-4656-8e49-eff9da8d5c35
Briana,O'Connell,3026054633,430734000,5111843380573138,941ad678-246c-40bb-ac10-07a0e233a50b
Justice,Abbott,4928951219,816859863,5111666443254203,622390bd-b179-4d63-b567-c02cec6c2a07
Genoveva,Johnson,8035000573,403478939,5111123708136576,abbacf6b-343d-4972-b7e6-952d90351b09
Jarred,Labadie,1961471172,793888035,5111482057699845,963af7d9-e609-4005-81c9-c2b4dd34153b
Assunta,Schmeler,4504740476,969299839,4111547721051086,5bcb0a20-1cfe-469d-995e-f840cfa408fe
Darrell,Bergnaum,2259919585,813247603,4111702722368003,33445b45-5e26-4da6-8cd6-5fda2f52cdbc
Hershel,Ernser,3377713140,451769086,5111591339055851,f0216963-4da3-4d5d-a3e4-1eb0c9309395
Major,Hoppe,7188721419,379722325,5111207052145208,e76b226a-68e7-4295-8d0e-41038496e983
Christopher,Kshlerin,3416414150,913518231,5111793591528939,0c7f6924-c5c4-497c-b0a3-0b606a36925a
Mozelle,Kovacek,7089281756,643345992,4111100450714349,f1ac79ba-c0a2-432b-9586-0bd5622c2712
Liza,Roberts,7232769231,897598541,5111230412299666,7bdb24fb-0702-4f79-93d2-10c280e39fc3
Eleazar,Haag,7919399161,237044343,4111316131401203,1c2906db-b956-46e3-92f1-c85b882cf6e5
Jasen,Thiel,4018478281,990778030,5111699816606094,f083d910-6ad7-49f5-8031-28ad0bacdcfc
Shanny,Pagac,6501412367,123286957,5111370088733593,f9639a2c-0530-4420-8cd8-87e6d2f79b54
Gilbert,Torp,4332523872,817822296,5111102798747562,58def627-df16-476a-b78f-607782e5f392
Agustin,Nader,2449643016,594823288,5111863550789477,a48c415d-39b3-437d-a9ac-1861ba2935aa
Carmen,Aufderhar,4160747758,729017688,4111587287143115,b49dd864-5908-4034-a41d-4d86c49e1c28
Heidi,Runolfsdottir,6928317613,798343182,4111869271104273,dff1c6ea-51a6-4849-99bc-4fbf3eba70ed
Kayla,Mosciski,2811232403,948246704,5111796309782203,1f96bf30-7860-468c-8239-0e3cedd6aee4
Heidi,Price,5843491551,272604897,4111100450714349,84fd38cd-9370-4e08-830d-c624e8473303
Lempi,Auer,3997470887,346037248,4111489270739597,81182334-7af9-482b-b2d1-c3fa03dbc1d6
Monserrat,Collier,2542034880,391549301,4111264208242952,13cb50bf-306b-42e3-904b-b25623f6bdfa
Shaniya,Moore,2347826721,699558521,4111701902216890,a4d65dde-d911-4e3d-bdac-5e4e01ada6b7
Tracey,Tillman,1561857705,197925896,5111654031897856,e0d93620-c167-43f4-af24-29d5101c5d83
Ayla,Nicolas,7327544668,252915354,5111806528938696,1366e8c8-8861-4a15-ad63-c3ff33b556d4
Golden,Kautzer,4824137921,451095857,5111965417051668,a7192c01-b3c3-41e0-b29b-5a7a246350eb
Jack,Beer,4645557466,202083389,4111411198863499,61ae5578-da35-4228-8d2c-2187fc93e6f1
Gerardo,Schaefer,5254350032,784839135,5111587570043595,6459e451-9f1c-465d-8e2d-59a000fbb3f6
Johnnie,Reichert,8043796914,190975779,5111672891033387,a64d21a9-0b52-44b6-adf4-1663d10b4856
Meagan,Price,2290513476,354683334,5111482057699845,cfdf5208-d7eb-4d68-8fe2-94ee84cd5feb
Brennon,Kirlin,5592928124,946026844,4111379859069475,1159b733-0462-47f8-a32f-45ae87fafece
Zelda,Hyatt,4871909715,114663895,4111811651171153,d425b505-53d4-450b-9829-20de548e6125
Brenden,Zboncak,5219479486,478758971,5111429616079068,626631b9-b500-4b85-8b06-0349612d3d21
Gilbert,Leuschke,1657666018,451064314,5111422842135748,2d656e42-a705-4bf1-b699-4b3e4842fcf0
Van,Hansen,8792952473,360628340,5111396670782843,94a2c896-a3b0-4812-aa83-aa00c009fb33
Gerald,Kerluke,4157336161,726938020,5111193702948346,dfaba368-a954-4bb1-b174-a02070dd65fc
Nicole,Connelly,9331642240,808333275,4111330819755241,1fab6d6c-93d1-4fcb-a7e9-e082110cabb2
Lulu,Barton,7566761550,170388592,5111363209519691,8b63db8c-7d7d-48cf-aec5-08afd55106b8
Ezequiel,Brown,6428111969,229448642,4111636654150667,1341d3af-94d0-4b8d-8d16-8e5f1a643764
Bradley,Monahan,4134426789,939614985,4111226992545050,bd9fc347-ef93-4527-b208-0bfb663aa6eb
Brycen,Klein,7429275213,180607491,4111173652865183,cc403515-bbf3-4cca-986a-cc189fe7ee59
Ryann,Yundt,3908395847,285343807,5111621066413350,1e6400b1-b3aa-44ba-bcb8-536616063e18
Johnpaul,Medhurst,6638612472,243304122,5111957324769329,d54c24fa-f95d-42ac-82c5-ca3296d4eac0
Tyshawn,Reynolds,2716823191,729017688,5111213890206468,0adf8328-c001-4baf-b2b0-f6462736f23c
Jake,Beer,5933643680,375657429,4111125137610505,b893b128-1db2-44bd-8744-0f01f7936658
Brenden,Lubowitz,2189244853,279439843,5111729570952682,81dc04cf-284c-4ab0-b47e-0bcf72341440
Kennedy,Homenick,1006333995,918532050,4111259228386085,0f9a7b33-4fcb-48a4-895b-402ff926e7c7
Jaycee,Barrows,4244565806,190839003,4111296090911445,76eb42fd-1369-44e5-877d-d059917eb07a
Deshaun,Schuster,4332523872,416529452,4111681632974183,6b2bd497-5e79-4c73-ab59-a788556104e5
Lambert,Hirthe,6747185337,570228678,5111782185395838,4f4cf72b-ec0f-4da4-b915-dc48cdbba5dc
Adelle,Kub,4824137921,941344998,5111246105567028,d13072fc-371d-4f96-9d44-d93030395ed5
Earline,Koepp,8394341543,232076795,5111921276507199,4a57422c-e8ee-4779-b0e3-21a8a028cf39
Sandra,Medhurst,6283094456,855571191,4111412228979766,dae1e0f9-1a1e-4e5d-9b9e-1f68ef27130a
Llewellyn,Watsica,7648717344,515669254,4111454738186604,4dac315c-2aa9-4d95-83b3-525785cd6d27
Nicole,Walter,9370720038,874128590,4111576697317880,0ddd0d7d-85d3-43a5-b8ac-c6cce148d06f
Camylle,Mertz,6935738914,133470336,5111340075725991,eeddd63c-074d-49fc-be87-d92c52ef603e
Delaney,Crooks,9659225166,435951769,5111906188605492,8f7e36d6-f11c-4ea1-be29-5cfc14e2ae0c
Amiya,Hand,3231333273,511210275,5111408084901349,a512f94f-55d0-4cb8-add7-2a6ec07ed3f2
Van,Zemlak,4878760718,749835111,5111194521996252,f62ac098-f07a-4314-bd43-6353e3dc899a
Anibal,Cummerata,8882839400,142301126,5111933218455353,fb705e61-b5df-4344-8b8c-0abe6f435999
Gene,Klocko,4851867199,637536165,5111654031897856,34b1e948-9c9b-4b61-b378-69539ec2729b
Jaycee,Aufderhar,4160747758,911161021,5111188214091515,0a16d80b-ba7b-44ac-aed1-07e2c1d00dbd
Jazmyne,Murazik,3034606698,990169234,5111114408686432,11f4fc70-34c1-4be3-b768-ced5309927e0
Juana,Robel,4969502460,732906616,4111113219695391,7cde0996-f6e1-4e8f-b841-d121f4443aa8
Allie,Balistreri,8479989029,107902841,5111979812117764,53a82ab5-d275-4bfb-8180-b6530df8907d
Jeff,Hills,2257543288,596777369,4111787528145632,193a5ed2-ef38-4598-ac1e-7c87cfecc5da
Maureen,Hegmann,5938020455,196136199,4111217245227549,9abf7cd4-9ed0-4299-94e2-080594a55466
Cleve,Schmeler,6935738914,281549205,4111918210316659,974d6276-03f9-4c19-8f24-5f6ed304380d
Kaylie,Turner,1152010543,293352316,4111110789925768,4fa7a69a-7dd5-4a64-a61f-c3b0be0095e1
Nils,Toy,5813133254,745450974,5111508858361111,20a22045-ca90-4337-be11-e0c6f3ac77c1
Watson,Metz,9415965164,844262106,5111241497785159,84de05fd-96b1-4681-adac-37df926c634a
Keegan,Moore,1759064911,133470336,5111545517760936,8729a945-4bb3-4625-baf6-f3b0c24d1d90
Sydni,Smitham,6088823414,258304974,5111960907317740,2a1a41c5-6b3b-4e2d-8890-bc842ef5d257
Shania,Hackett,1635878721,792443511,4111757858213225,39b08f40-9fb0-4c4a-b2f7-3766d24cf59d
Briana,Powlowski,8693606291,301282165,4111477532933710,89a0e2ed-2ba5-451f-b673-3e741c1f8a25
Jayme,Dickinson,6823328372,834179673,5111188214091515,270fa115-ce98-43d3-bb74-afe0957132ee
Isidro,Green,1657666018,468296219,5111965486735959,c79072b9-77bc-4368-9fd5-ce7729857d0f
Dillan,Lesch,7508333663,815255859,5111448669869968,c43ff85c-33c9-4cf7-9697-e85e748ef661
Brandyn,Mraz,6377715240,478039938,4111301231977817,7fd4969f-acc8-4c49-9f62-207086d3d47d
Scot,Wuckert,5219479486,869963429,5111948211786088,192ba7ec-537c-4012-b9e1-666201e84ff9
Horacio,Mertz,4411060654,612119860,4111447969044386,e88e566e-1fdd-49e3-913b-844b74542bf4
Stanton,Mayert,3684194020,261870588,5111616939829242,ff1f74a8-7bb0-4b25-b5dd-39387844a60c
Geo,Anderson,7542858436,699378724,4111273831083053,575a6edd-e487-49cc-99a1-8f9a5358a00b
Nathan,Champlin,9470247070,896608490,4111517188366858,33fca833-c735-46b4-8cf1-e0ba1014f4d4
Kelli,Crooks,4837200392,515669254,4111238917982491,d7eefd10-53d3-4324-9d61-36f88c36311d
Daisha,Runolfsson,8467028602,142043780,5111884900734035,25cc772f-86a8-4f64-96f9-7606fcf7b0b1
Briana,Zboncak,5075625869,296900243,5111968925448079,a5b2150f-55c4-43cf-be3f-43497107c496
Amaya,Konopelski,2862081061,540219044,5111813146933839,2cf69316-3b58-4e02-8b6e-bcdc3f58f294
Scot,Hackett,1659538943,600777896,4111151504614749,58d84b0e-39c8-4aac-8761-d502fe0c87b5
Kara,Ernser,4298799968,451064314,5111269735875350,ed89434f-568f-4232-b0fe-7cae21679945
Stephan,Kautzer,2996311113,658527306,5111451341240663,61f767f1-006e-41e2-85e5-2d9ae009e38d
Damien,Auer,2456783944,423513994,4111588064967413,d7c0561e-ee08-4231-8060-3c1acb383c65
Mekhi,Grady,2843161976,728702704,5111822422485368,0d68f66d-0c38-4070-b9f2-b8c8e19cd893
Bobbie,Howe,6284958038,180078953,4111112682134905,75844719-827f-4dc1-8e0e-23b376325c61
Leda,Hodkiewicz,7673375277,978597821,4111829560483721,dbf8f759-32b3-4fce-86df-af4dedcbaf7a
Johnson,Maggio,8419016133,817822296,5111768141129140,c3a23588-6071-4580-a42e-73538a43cb7a
Werner,Strosin,3684194020,707805379,5111982589510107,7dc3e2f6-c2ec-4265-ad55-a017da6693f9
Giovanni,Beier,2221380596,473204741,5111861148888003,1a669ac1-25d2-4404-83b5-814b1eaf3f36
Agustina,Rice,9780201468,792491887,4111181231866490,51d90e5c-780c-4113-8e97-f70e876f5822
Ellsworth,Cummings,4452403500,457048123,4111547721051086,939b83c0-e9f8-4cb8-a508-bcbf6cfcc791
Phyllis,Graham,7442736970,863065407,4111203257418033,b3d3310b-2c38-4339-97ce-0c1f5c26bfbf
Alessia,Emard,7232769231,369001393,5111258039367702,2ff79039-d620-4dd0-9e69-7ad3740d401d
Amiya,Stark,9442309446,868884625,5111509595654066,4f514f02-a9e8-492a-9336-8934584a82cb
Ilene,Thiel,9425684569,531323073,4111398443594024,d201a0fe-084d-48f2-aa71-6ab25cad17c2
Marge,Mitchell,2259919585,899107666,4111526553614335,b1d4235c-d9a7-4776-8892-e86e6dccbd4e
Molly,Beahan,8796772262,585353222,5111493725984160,3ec5a6f3-b88b-49e2-9d66-9f16ac2c4276
Eve,Wiza,5654372054,906962458,5111829354896497,38f528f4-f18d-42f9-bf58-672b1db7b75b
Alvina,Rippin,9500620324,786469101,4111150057836981,fd1ee54a-99fc-4572-9c36-92efccd7126f
Major,Gusikowski,4865343897,362439539,5111462167208362,3740cf17-72b9-4995-ac80-702198a2fedc
Mattie,Heller,6990207049,906497210,4111824852242366,82d37da4-9de8-4f3d-b489-89626e1a712d
Demetris,Hills,4700502496,531323073,5111729570952682,96fd9b4e-4d0e-4bd8-a65c-cd7985d9f982
Dayna,Marvin,9442309446,606705187,4111478290257593,d7f82b78-c1d9-4b83-8a21-93b8e98fce79
Earnestine,Baumbach,7080032047,867727976,4111412151951970,a61f596b-8d51-43d9-aa28-5198931ccd21
Micaela,Hagenes,7220105001,127888983,4111500304696570,5379a55f-1083-4207-a2e4-e52fbb036f71
Molly,Schulist,7185756995,520890904,5111272350887248,8974dfb7-731a-43d7-be18-390ac0d03406
Marie,Emmerich,6708049088,612450616,5111220474430990,ce87cf4f-6c8b-45eb-91f1-87371fd7af13
Jesse,McLaughlin,7304142151,469589237,4111110867301152,850366e6-cad3-4e26-a819-2295b7cff7c1
Loy,Fritsch,4298799968,644924329,4111377160736675,6486405f-0036-47c2-8777-f61b897de638
Oliver,Lang,2542034880,610448208,5111194521996252,fc120b67-0d29-4290-9ec0-60156d48b960
Merritt,Franecki,5195453855,142481443,5111246105567028,4eec775e-a1cd-4afc-b086-f60a6ec69e0d
Earnestine,Goldner,6027302544,332013487,4111744279399196,ff400752-9bb4-484b-9ded-ae7621e861cd
Andre,Borer,2886036896,347574026,4111857539322315,6c178774-177f-460b-b03a-0dc5cb99501d
Okey,Rodriguez,1922561445,399966895,5111826764013349,b6073a13-22ff-4a55-afe6-af4ac28f254c
Leonie,Rodriguez,2566026921,195941566,5111369632085426,5df5716e-7d11-494f-b135-c7f85555ec91
Aylin,Bernhard,4143684779,867947983,5111580093482670,cfa44a4a-0096-4113-b0cc-be6d851d5f25
Rudolph,Dibbert,8352526391,340753251,4111170049074647,3d66b55d-c5b8-49d0-a55b-60e802764de4
Francisca,Wehner,2992128409,401655625,5111666443254203,f10503fa-b801-4089-b488-f50694ef8279
Eloisa,Turner,1202118208,117325664,4111403192948013,e5cd5a67-15ba-4a65-850b-820011cfb089
Deshaun,Lueilwitz,8792952473,724185453,4111974114108089,e0a7175f-8b19-442c-8bcf-8d8b3f451d1a
Wyman,Heaney,8765700617,511027330,4111731522668472,6d0bc143-2e3a-49e8-b779-acce31ed91bd
Eliane,Osinski,4226030814,418753384,4111471321453995,3afb3978-9dfe-48bc-b960-aaa36fa941cb
Shane,Emard,4005560979,697815120,5111217970671759,7236c56f-e614-473f-8742-42a54df7f926
Patrick,McLaughlin,1067308889,393112472,4111332187874667,6368cdce-2ef6-4337-ac11-4b56d1c4b051
Eliane,Schmidt,2200417385,475028755,5111451341240663,640bd9da-2edd-442e-8187-0400b10a8bf2
Assunta,Hegmann,3182401019,931743862,5111947481165829,2fdee4ea-63a9-443c-a320-0c797947eaf8
Clay,Harber,5508464208,673310725,4111295990996856,0da7a05f-2d7c-4bc5-9028-06bad1b0030e
Matteo,Hegmann,8117693260,591391479,4111343479606843,2f029b73-534e-441d-807b-0e107901b5de
Grayce,Mraz,1067308889,639574288,5111555881746311,e204a3a7-5f4b-417a-b61f-beeb47201b8e
Karlee,Ziemann,3416414150,531323073,5111420960604054,2ed94117-1c03-430b-a8bd-5d90a0c93c5c
Josefa,Reynolds,3789697905,396021629,4111113260105804,f833260f-d0d3-409e-92a5-89e5a5016e30
Sanford,Wunsch,2609136312,818404244,5111806528938696,596589f9-7004-4d99-983e-66c3cb44c3f1
Eldon,Barton,1489042866,325972551,5111272350887248,fa22af5d-76ee-40a5-8697-d4356e90d111
Catalina,Schinner,5268699090,991779677,5111436076846582,4717d0a8-cca4-4cbe-ab2f-0834d83f35cd
Nicholaus,Flatley,1262648978,202083389,5111297306239188,47837215-dd73-439f-8126-b62a42523c61
Josefina,Conroy,9153855858,488640941,4111212887595560,5519f201-96e0-45ff-93eb-cde06703229c
Jennie,Bechtelar,2106486119,544740823,4111563759883465,45b97baa-7c63-4e88-9e8b-a406661595e1
Alana,Schmeler,7539115100,400326775,4111200236333389,ab20008e-7e42-4e3c-bc85-c0146ed468fc
Vesta,Abernathy,9592506954,531323073,4111517188366858,a6cfba11-e156-43fb-9936-917856913903
Dax,Torp,4015937147,606878922,5111723632116035,ac64511c-fab0-4249-91d7-80ebfd63579b
Esteban,White,7424577321,394203829,4111214620301895,fd3bd2fc-94e9-4f20-9326-ebac0ea313c3
Lisa,Skiles,2633158036,933181954,5111640770775080,f7faa619-9694-460f-bf69-021c5b0f433c
Else,Breitenberg,3524753163,361565811,5111885630045765,769c0dc6-f2fc-4f1c-ba58-843a65622368
Magnus,Swift,2370531272,232076795,5111239121832623,76e0ba87-253e-4370-a88c-aea87ca03231
Wilbert,Ernser,2288984515,123286957,4111979438369680,716fc945-f456-4109-87da-02d7e568cc24
Johnnie,Davis,5592928124,663583246,5111219311693578,a64ec0a1-bd49-47a5-9532-80c63dbb3a1e
Ismael,Dickinson,2375812461,111429098,4111988998466731,94b9a3ca-7c4c-435b-b19d-aff99546c246
Anibal,Borer,3906065730,913801855,4111211000883243,268239d1-ac6b-4803-bd7b-e001023b9221
Oceane,Schiller,7174938308,446135278,5111690896171363,ac837df5-437d-447a-83b1-65059f4d408c
Cristal,Erdman,4689743057,898701861,5111402648932418,f39da485-10b3-4c6a-b4b4-df42fb92df8e
Laney,Casper,5583581093,311967781,5111366895635169,53206c6a-6436-4c79-9330-07d66b936ffe
Domenica,Collins,8037154959,804765301,4111226992545050,4b421a90-8a85-497f-a1c2-02c01ea6e805
Liliane,Connelly,5049203129,760479473,5111188214091515,ffb0523d-5953-47b7-ad77-b695b502e8bd
Brenden,Dicki,1949415268,190839003,5111320620107241,1d37faa8-410a-4e3c-9bed-5b615a84b58a
Claudia,Emard,2992128409,170349886,4111622055037425,d99493dd-d061-4640-b0fa-8abb4c4f72ce
Horace,Skiles,9146050226,302862727,4111856934511879,2c0d5d32-8a78-4407-92b2-8faec7ef4fbd
Al,Stokes,4005560979,865630912,4111111740291722,08a5ebbf-e2aa-4cc5-80af-5118b6fc6ce4
Terrence,Kutch,5819979011,403478939,5111218939431316,3511530e-d932-4253-b478-4b0c913a62dc
Lia,Wiza,3218300897,863065407,5111647860976381,3e3eb15e-e4c5-4368-bbf5-faf4b0770740
Kiarra,Pfannerstill,6567497942,523187711,5111607608138859,19e5602b-d305-44df-ab9d-95fbc984e208
Angeline,Kiehn,8216257034,327988434,4111626864555382,1e11c760-b49c-47b8-a2e8-0b81465004ee
Dortha,Schimmel,4067292786,996996262,5111261144202018,845135ff-0c35-43cd-abc9-cd42d5843b3d
Estrella,Smitham,6886607105,183388825,5111932875775538,924bfb33-b6f2-4ca0-946d-c8c2a28637a8
Nathanael,Cormier,6169475992,305349291,5111762712577121,19589305-9f3e-4409-927a-84ecaecf12f8
Kasandra,Schimmel,4652791147,804765301,4111314279867595,648d0685-3c11-40e0-9835-19c684e96941
Eleazar,Towne,2264723751,990778030,4111403997238439,ebad58d0-4555-4448-8fa6-d825b71559da
Claudie,Walter,4657766917,302862727,5111537696899356,f104c424-6c8d-4a70-b331-d035d61fb891
Florencio,Schneider,8422720946,663583246,4111248482984834,4bea400e-2024-41d5-ac03-32cc8d9d7f6b
Florencio,Gibson,4029182336,341803293,4111346382884135,65c548ad-fb2c-4d2f-8b0f-7f591dfea919
Joana,Russel,7720828409,344504613,5111239126873474,6eaa4387-d01b-4f8b-a7f1-0254497a9f0e
Anissa,Veum,6930995945,202684078,5111832317193885,9f815f78-d72c-40d2-965a-baa33279ac23
Kasandra,Boyle,9442309446,154806393,5111422842135748,68da946d-6477-480f-8795-47e1f85f3831
Lessie,Becker,1077814310,212566276,5111738160685503,ab3f0b55-2649-4312-b8e1-95865cb3de55
Mariano,Hodkiewicz,4990947584,520890904,4111182618588488,710212e6-797f-4612-a7bb-aa42296b8ecb
Alyson,Kerluke,2562500308,935976408,5111676058256291,184adcab-5cd5-42a4-b56c-c2d60ed44644
Jamison,Dach,4825634741,182194832,5111615263630593,149249ca-65a5-42e0-aa7c-536cc8bec262
Leonie,Hilpert,3614901031,921112203,5111957324769329,d3ae8ab5-cb2a-45ca-9785-168bc64475ab
Scot,Purdy,8672883654,783882312,5111946338912104,dc3756af-939e-4e14-b08b-ad34b86d68f9
Ona,Mante,1528397610,378414687,5111947481165829,dd211726-d4c0-43f0-9269-de2693d6e32d
Austin,Graham,1959570678,382187272,5111946338912104,58f00825-7987-4b13-b0ad-20b300e6d6c1
Adrianna,Herzog,9443737674,697815120,5111279426111759,e22016e0-9f96-44bc-bc58-3a8426ee23ec
Nathanael,Veum,3340406721,606705187,4111135543067484,70530498-8295-4b22-8aff-2d9030c11548
Nicole,Dicki,1594508509,362573428,5111161732319698,91afcdf8-6a44-4a04-8e2a-1eae763a9f08
Monserrat,Jones,7018686800,119934787,4111113219695391,f69076cc-8999-4593-b66c-50178be280f4
Shanny,Kerluke,5973873437,867740535,5111804786795073,d2a8ae1b-8b0c-4bda-88ec-b53db5cb3a3a
Lia,Koepp,4997853996,612450616,5111819425584822,b0671e85-04c1-4c69-8b3d-677ba9ed4e53
Declan,Funk,2288984515,121897442,4111692437538380,22e71650-d633-4474-9caf-b1c8e03ad504
David,Hills,3767979282,202083389,4111482035705426,43766d38-ca0a-48c3-a758-b4ae7f62cf15
Ismael,Bosco,5018826925,668093671,4111195420117614,774a18d4-dec0-46cd-86f8-95474ee78018
Clotilde,Williamson,8363800612,338834549,5111899287720116,17a5f2da-4c3b-4706-8b06-ad6231af147a
Kianna,Doyle,3534923985,319827848,4111601879544223,db34dae6-5822-4723-a058-6edf943d7a05
Princess,Beer,3773588150,539374356,5111935150367924,f9adc558-07fe-49c5-bd16-9e2e36256dcb
Jeffrey,Gusikowski,6487731690,540745810,5111922820991408,79459f72-dbcb-4fe9-a309-8d5d4468ef68
Crystel,Medhurst,6088823414,866360354,4111414059439746,b5d23d6f-7f5c-4970-bc51-d6af15a20bb0
Lilian,Hegmann,1684822578,540745810,4111600649670436,619b2416-4309-41ae-b49b-01556472476a
Oliver,Wiza,9187130663,633455767,5111370451877211,31fd562c-8bfd-4333-b059-f30ebcf53b27
